count time
2 154
3 198
4 242
5 275
6 308
7 341
8 385
9 418
10 462
11 495
12 539
13 583
14 627
15 660
16 704
17 748
18 781
19 826
20 870
21 914
22 958
23 1002
24 1046
25 1090
26 1134
27 1167
28 1211
29 1256
30 1301
31 1334
32 1378
33 1422
34 1455
35 1488
36 1532
37 1576
38 1609
39 1654
40 1687
41 1720
42 1753
43 1786
44 1819
45 1852
46 1885
47 1918
48 1951
49 1995
50 2039
51 2083
52 2127
53 2160
54 2204
55 2249
56 2293
57 2326
58 2370
59 2414
60 2458
61 2502
62 2546
63 2590
64 2623
65 2667
66 2700
67 2733
68 2777
69 2821
70 2855
71 2899
72 2932
73 2965
74 2998
75 3043
76 3076
77 3109
78 3153
79 3197
80 3241
81 3274
82 3319
83 3352
84 3396
85 3440
86 3484
87 3517
88 3561
89 3605
90 3649
91 3682
92 3726
93 3759
94 3793
95 3837
96 3870
97 3914
98 3947
99 3991
100 4024
101 4068
102 4112
103 4156
104 4200
105 4244
106 4277
107 4321
108 4365
109 4398
110 4443
111 4477
112 4510
113 4554
114 4587
115 4620
116 4664
117 4697
118 4730
119 4774
120 4818
121 4862
122 4906
123 4950
124 4983
125 5027
126 5071
127 5115
128 5159
129 5192
130 5225
131 5258
132 5291
133 5324
134 5368
135 5401
136 5434
137 5467
138 5500
139 5544
140 5588
141 5632
142 5665
143 5709
144 5753
145 5797
146 5842
147 5875
148 5908
149 5941
150 5985
151 6018
152 6062
153 6106
154 6139
155 6183
156 6227
157 6271
158 6315
159 6359
160 6392
161 6436
162 6469
163 6513
164 6546
165 6579
166 6623
167 6656
168 6689
169 6722
170 6766
171 6799
172 6843
173 6887
174 6920
175 6954
176 6988
177 7033
178 7066
179 7099
180 7132
181 7176
182 7220
183 7264
184 7308
185 7341
186 7374
187 7418
188 7462
189 7496
190 7540
191 7584
192 7617
193 7650
194 7694
195 7738
196 7782
197 7826
198 7870
199 7903
200 7948
201 7982
202 8026
203 8070
204 8114
205 8158
206 8202
207 8246
208 8290
209 8323
210 8356
211 8400
212 8433
213 8466
214 8499
215 8532
216 8565
217 8609
218 8653
219 8686
220 8730
221 8774
222 8818
223 8862
224 8906
225 8939
226 8983
227 9016
228 9049
229 9082
230 9126
231 9159
232 9192
233 9225
234 9269
235 9302
236 9346
237 9390
238 9423
239 9467
240 9511
241 9555
242 9600
243 9645
244 9689
245 9733
246 9766
247 9799
248 9843
249 9887
250 9920
251 9964
252 9997
253 10041
254 10085
255 10118
256 10152
257 10185
258 10218
259 10262
260 10306
261 10350
262 10383
263 10416
264 10461
265 10505
266 10538
267 10582
268 10615
269 10648
270 10692
271 10736
272 10769
273 10802
274 10847
275 10891
276 10924
277 10957
278 11001
279 11034
280 11067
281 11111
282 11144
283 11188
284 11232
285 11276
286 11309
287 11353
288 11397
289 11430
290 11474
291 11518
292 11562
293 11595
294 11639
295 11683
296 11727
297 11771
298 11815
299 11859
300 11903
301 11947
302 11980
303 12013
304 12046
305 12090
306 12134
307 12179
308 12223
309 12267
310 12311
311 12355
312 12388
313 12432
314 12465
315 12509
316 12542
317 12576
318 12620
319 12664
320 12708
321 12752
322 12785
323 12818
324 12851
325 12895
326 12928
327 12961
328 13005
329 13049
330 13093
331 13137
332 13170
333 13214
334 13259
335 13292
336 13325
337 13358
338 13392
339 13436
340 13469
341 13513
342 13546
343 13590
344 13623
345 13657
346 13701
347 13745
348 13778
349 13811
350 13855
351 13899
352 13943
353 13987
354 14031
355 14075
356 14108
357 14141
358 14185
359 14218
360 14262
361 14295
362 14328
363 14361
364 14394
365 14438
366 14482
367 14516
368 14549
369 14593
370 14626
371 14659
372 14692
373 14736
374 14780
375 14824
376 14868
377 14912
378 14956
379 15000
380 15033
381 15066
382 15099
383 15132
384 15176
385 15220
386 15265
387 15298
388 15342
389 15375
390 15408
391 15441
392 15485
393 15518
394 15562
395 15606
396 15639
397 15683
398 15727
399 15771
400 15815
401 15848
402 15892
403 15936
404 15980
405 16024
406 16057
407 16090
408 16134
409 16167
410 16200
411 16311
412 16344
413 16389
414 16422
415 16455
416 16488
417 16532
418 16565
419 16610
420 16643
421 16687
422 16720
423 16764
424 16808
425 16852
426 16896
427 16940
428 16974
429 17018
430 17062
431 17095
432 17139
433 17183
434 17227
435 17260
436 17293
437 17326
438 17371
439 17404
440 17448
441 17481
442 17525
443 17569
444 17602
445 17646
446 17679
447 17712
448 17745
449 17778
450 17822
451 17866
452 17910
453 17954
454 17987
455 18020
456 18053
457 18097
458 18185
459 18262
460 18306
461 18350
462 18394
463 18438
464 18482
465 18526
466 18570
467 18603
468 18647
469 18735
470 18779
471 18823
472 18856
473 18901
474 18945
475 18989
476 19033
477 19077
478 19143
479 19187
480 19231
481 19275
482 19308
483 19352
484 19396
485 19440
486 19495
487 19539
488 19583
489 19627
490 19671
491 19715
492 19748
493 19792
494 19836
495 19880
496 19913
497 19957
498 20002
499 20035
500 20079
501 20123
502 20156
503 20200
504 20245
505 20278
506 20311
507 20355
508 20388
509 20421
510 20465
511 20509
512 20553
513 20653
514 20697
515 20796
516 20829
517 20873
518 20972
519 21005
520 21049
521 21126
522 21171
523 21215
524 21248
525 21292
526 21336
527 21380
528 21424
529 21457
530 21501
531 21545
532 21589
533 21622
534 21655
535 21688
536 21732
537 21765
538 21809
539 21842
540 21886
541 21919
542 21952
543 21985
544 22018
545 22062
546 22106
547 22150
548 22194
549 22238
550 22282
551 22316
552 22360
553 22393
554 22426
555 22459
556 22492
557 22525
558 22569
559 22602
560 22647
561 22680
562 22713
563 22746
564 22779
565 22824
566 22857
567 22901
568 22934
569 22978
570 23022
571 23066
572 23099
573 23132
574 23177
575 23221
576 23254
577 23298
578 23331
579 23375
580 23408
581 23452
582 23496
583 23529
584 23563
585 23596
586 23640
587 23673
588 23706
589 23750
590 23783
591 23827
592 23872
593 23916
594 23960
595 24004
596 24037
597 24081
598 24125
599 24169
600 24246
601 24279
602 24323
603 24521
604 24599
605 24644
606 24677
607 24721
608 24831
609 24875
610 24952
611 24996
612 25040
613 25084
614 25216
615 25260
616 25304
617 25337
618 25370
619 25414
620 25458
621 25503
622 25547
623 25580
624 25613
625 25657
626 25690
627 25723
628 25767
629 25811
630 25844
631 25888
632 25921
633 25954
634 25998
635 26031
636 26064
637 26108
638 26152
639 26196
640 26240
641 26284
642 26328
643 26372
644 26405
645 26438
646 26471
647 26515
648 26559
649 26603
650 26636
651 26680
652 26713
653 26746
654 26779
655 26823
656 26856
657 26889
658 26933
659 26966
660 26999
661 27032
662 27076
663 27121
664 27165
665 27209
666 27253
667 27297
668 27341
669 27374
670 27407
671 27451
672 27495
673 27539
674 27583
675 27616
676 27660
677 27693
678 27737
679 27770
680 27814
681 27859
682 27892
683 27936
684 27969
685 28013
686 28046
687 28079
688 28123
689 28167
690 28200
691 28244
692 28277
693 28310
694 28354
695 28387
696 28431
697 28475
698 28519
699 28552
700 28585
701 28618
702 28651
703 28696
704 28729
705 28762
706 28806
707 28839
708 28873
709 28917
710 28961
711 29005
712 29049
713 29082
714 29115
715 29159
716 29192
717 29236
718 29269
719 29313
720 29346
721 29390
722 29434
723 29468
724 29512
725 29556
726 29600
727 29644
728 29677
729 29710
730 29754
731 29798
732 29831
733 29864
734 29908
735 29941
736 29985
737 30029
738 30074
739 30118
740 30151
741 30195
742 30228
743 30272
744 30305
745 30349
746 30393
747 30437
748 30481
749 30525
750 30569
751 30613
752 30646
753 30691
754 30735
755 30780
756 30813
757 30857
758 30901
759 30945
760 30978
761 31011
762 31055
763 31099
764 31132
765 31176
766 31220
767 31253
768 31297
769 31341
770 31374
771 31407
772 31451
773 31484
774 31517
775 31550
776 31583
777 31627
778 31671
779 31705
780 31749
781 31782
782 31826
783 31871
784 31904
785 31948
786 31982
787 32015
788 32059
789 32092
790 32125
791 32169
792 32213
793 32257
794 32290
795 32334
796 32378
797 32422
798 32466
799 32510
800 32554
801 32598
802 32631
803 32675
804 32719
805 32763
806 32796
807 32829
808 32862
809 32895
810 32929
811 32973
812 33017
813 33050
814 33083
815 33127
816 33172
817 33216
818 33249
819 33282
820 33315
821 33359
822 33392
823 33436
824 33469
825 33502
826 33546
827 33590
828 33634
829 33678
830 33711
831 33744
832 33788
833 33822
834 33866
835 33910
836 33943
837 33987
838 34021
839 34065
840 34109
841 34153
842 34198
843 34242
844 34286
845 34330
846 34363
847 34396
848 34440
849 34473
850 34517
851 34550
852 34594
853 34638
854 34682
855 34715
856 34759
857 34792
858 34836
859 34880
860 34913
861 34968
862 35012
863 35056
864 35100
865 35133
866 35177
867 35419
868 35463
869 35507
870 35540
871 35584
872 35628
873 35673
874 35706
875 35750
876 35794
877 35838
878 35882
879 35915
880 35959
881 36003
882 36047
883 36091
884 36135
885 36168
886 36212
887 36245
888 36289
889 36333
890 36377
891 36421
892 36454
893 36487
894 36531
895 36564
896 36597
897 36641
898 36674
899 36707
900 36751
901 36795
902 36828
903 36861
904 36905
905 36938
906 36971
907 37015
908 37048
909 37092
910 37136
911 37180
912 37213
913 37257
914 37290
915 37334
916 37378
917 37422
918 37456
919 37500
920 37544
921 37588
922 37621
923 37665
924 37709
925 37742
926 37786
927 37831
928 37875
929 37908
930 37952
931 37996
932 38040
933 38073
934 38117
935 38161
936 38205
937 38249
938 38283
939 38327
940 38371
941 38404
942 38448
943 38482
944 38526
945 38559
946 38603
947 38636
948 38669
949 38702
950 38735
951 38780
952 38824
953 38868
954 38901
955 38934
956 38978
957 39012
958 39056
959 39100
960 39133
961 39177
962 39221
963 39265
964 39309
965 39353
966 39397
967 39441
968 39485
969 39529
970 39562
971 39606
972 39650
973 39694
974 39727
975 39771
976 39804
977 39837
978 39881
979 39925
980 39958
981 40002
982 40046
983 40091
984 56358
985 56391
986 56424
987 56468
988 56512
989 56556
990 56589
991 56622
992 56666
993 56699
994 56743
995 56787
996 56820
997 56864
998 56897
999 56941
1000 56985
1001 57018
1002 57062
1003 57095
1004 57128
1005 57172
1006 57216
1007 57260
1008 57293
1009 57337
1010 57370
1011 57415
1012 57448
1013 57493
1014 57537
1015 57581
1016 57625
1017 57658
1018 57691
1019 57724
1020 57757
1021 57790
1022 57823
1023 57867
1024 57911
1025 57944
1026 58032
1027 58076
1028 58109
1029 58153
1030 58197
1031 58242
1032 58286
1033 58330
1034 58374
1035 58418
1036 58451
1037 58484
1038 58528
1039 58561
1040 58594
1041 58627
1042 58660
1043 58693
1044 58737
1045 58781
1046 58814
1047 58847
1048 58891
1049 58936
1050 58980
1051 59024
1052 59068
1053 59112
1054 59145
1055 59178
1056 59222
1057 59267
1058 59311
1059 59344
1060 59388
1061 59421
1062 59454
1063 59487
1064 59520
1065 59565
1066 59598
1067 59631
1068 59675
1069 59708
1070 59742
1071 59775
1072 59819
1073 59863
1074 59896
1075 59940
1076 59984
1077 60029
1078 60073
1079 60106
1080 60150
1081 60183
1082 60216
1083 60250
1084 60294
1085 60338
1086 60371
1087 60415
1088 60448
1089 60492
1090 60536
1091 60569
1092 60602
1093 60635
1094 60668
1095 60701
1096 60745
1097 60789
1098 60833
1099 60877
1100 60921
1101 60965
1102 60998
1103 61031
1104 61075
1105 61108
1106 61141
1107 61174
1108 61207
1109 61240
1110 61284
1111 61317
1112 61361
1113 61405
1114 61449
1115 61493
1116 61526
1117 61570
1118 61603
1119 61647
1120 61691
1121 61735
1122 61768
1123 61801
1124 61845
1125 61889
1126 61922
1127 61966
1128 62010
1129 62054
1130 62098
1131 62131
1132 62175
1133 62208
1134 62252
1135 62285
1136 62329
1137 62362
1138 62407
1139 62451
1140 62484
1141 62529
1142 62573
1143 62617
1144 62661
1145 62705
1146 62749
1147 62793
1148 62826
1149 62870
1150 62903
1151 62947
1152 62991
1153 63035
1154 63079
1155 63112
1156 63156
1157 63189
1158 63222
1159 63266
1160 63299
1161 63343
1162 63387
1163 63431
1164 63464
1165 63508
1166 63541
1167 63585
1168 63629
1169 63662
1170 63695
1171 63739
1172 63772
1173 63816
1174 63849
1175 63893
1176 63926
1177 63959
1178 63992
1179 64025
1180 64058
1181 64091
1182 64135
1183 64169
1184 64213
1185 64246
1186 64290
1187 64323
1188 64367
1189 64412
1190 64445
1191 64478
1192 64511
1193 64555
1194 64588
1195 64621
1196 64666
1197 64710
1198 64743
1199 64787
1200 64820
1201 64853
1202 64886
1203 64930
1204 64974
1205 65018
1206 65051
1207 65095
1208 65140
1209 65173
1210 65206
1211 65239
1212 65283
1213 65316
1214 65360
1215 65404
1216 65448
1217 65492
1218 65536
1219 65569
1220 65613
1221 65657
1222 65691
1223 65736
1224 65769
1225 65802
1226 65835
1227 65879
1228 65923
1229 65956
1230 65989
1231 66033
1232 66077
1233 66121
1234 66154
1235 66198
1236 66243
1237 66276
1238 66320
1239 66353
1240 66397
1241 66441
1242 66474
1243 66518
1244 66551
1245 66595
1246 66628
1247 66661
1248 66694
1249 66727
1250 66771
1251 66815
1252 66859
1253 66892
1254 66936
1255 66980
1256 67024
1257 67057
1258 67101
1259 67145
1260 67178
1261 67211
1262 67255
1263 67299
1264 67344
1265 67388
1266 67421
1267 67454
1268 67498
1269 67542
1270 67575
1271 67608
1272 67652
1273 67685
1274 67718
1275 67751
1276 67795
1277 67839
1278 67884
1279 67928
1280 67961
1281 68005
1282 68038
1283 68082
1284 68126
1285 68159
1286 68203
1287 68247
1288 68280
1289 68313
1290 68346
1291 68390
1292 68434
1293 68479
1294 68523
1295 68556
1296 68600
1297 68644
1298 68677
1299 68711
1300 68744
1301 68777
1302 68821
1303 68854
1304 68887
1305 68931
1306 68975
1307 69019
1308 69063
1309 69107
1310 69140
1311 69173
1312 69206
1313 69239
1314 69283
1315 69316
1316 69349
1317 69393
1318 69426
1319 69470
1320 69514
1321 69558
1322 69602
1323 69646
1324 69690
1325 69734
1326 69767
1327 69800
1328 69833
1329 69866
1330 69910
1331 69943
1332 69987
1333 70020
1334 70054
1335 70087
1336 70120
1337 70164
1338 70208
1339 70241
1340 70274
1341 70318
1342 70351
1343 70384
1344 70428
1345 70472
1346 70505
1347 70549
1348 70593
1349 70626
1350 70659
1351 70703
1352 70747
1353 70780
1354 70813
1355 70857
1356 70890
1357 70934
1358 70967
1359 71011
1360 71055
1361 71088
1362 71132
1363 71165
1364 71209
1365 71253
1366 71287
1367 71331
1368 71364
1369 71408
1370 71452
1371 71496
1372 71529
1373 71573
1374 71606
1375 71639
1376 71672
1377 71705
1378 71738
1379 71771
1380 71804
1381 71848
1382 71881
1383 71925
1384 71958
1385 72002
1386 72046
1387 72090
1388 72134
1389 72167
1390 72200
1391 72233
1392 72266
1393 72310
1394 72354
1395 72387
1396 72431
1397 72464
1398 72497
1399 72541
1400 72585
1401 72629
1402 72662
1403 72695
1404 72740
1405 72784
1406 72828
1407 72872
1408 72905
1409 72949
1410 72993
1411 73026
1412 73059
1413 73092
1414 73125
1415 73158
1416 73202
1417 73246
1418 73279
1419 73323
1420 73367
1421 73400
1422 73444
1423 73488
1424 73521
1425 73554
1426 73598
1427 73642
1428 73686
1429 73719
1430 73752
1431 73796
1432 73829
1433 73873
1434 73906
1435 73951
1436 73984
1437 74017
1438 74061
1439 74105
1440 74149
1441 74193
1442 74237
1443 74281
1444 74314
1445 74358
1446 74391
1447 74435
1448 74468
1449 74501
1450 74545
1451 74578
1452 74622
1453 74667
1454 74711
1455 74755
1456 74799
1457 74832
1458 74931
1459 74975
1460 75020
1461 75064
1462 75108
1463 75152
1464 75196
1465 75240
1466 75273
1467 75317
1468 75350
1469 75394
1470 75438
1471 75472
1472 75505
1473 75549
1474 75593
1475 75626
1476 75670
1477 75703
1478 75736
1479 75780
1480 75824
1481 75868
1482 75912
1483 75956
1484 75989
1485 76033
1486 76066
1487 76110
1488 76155
1489 76199
1490 76243
1491 76287
1492 76321
1493 76354
1494 76398
1495 76431
1496 76464
1497 76498
1498 76531
1499 76564
1500 76608
1501 76652
1502 76685
1503 76718
1504 76762
1505 76806
1506 76839
1507 76872
1508 76905
1509 76938
1510 76971
1511 77015
1512 77059
1513 77103
1514 77136
1515 77169
1516 77213
1517 77246
1518 77290
1519 77323
1520 77356
1521 77400
1522 77444
1523 77477
1524 77576
1525 77620
1526 77665
1527 77698
1528 77731
1529 77764
1530 77797
1531 77841
1532 77885
1533 77918
1534 77962
1535 78006
1536 78050
1537 78083
1538 78127
1539 78171
1540 78204
1541 78248
1542 78281
1543 78314
1544 78358
1545 78402
1546 78446
1547 78490
1548 78523
1549 78567
1550 78611
1551 78655
1552 78699
1553 78743
1554 78787
1555 78831
1556 78864
1557 78908
1558 78952
1559 78996
1560 79040
1561 79073
1562 79106
1563 79150
1564 79194
1565 79238
1566 79282
1567 79326
1568 79370
1569 79414
1570 79458
1571 79491
1572 79524
1573 79557
1574 79601
1575 79634
1576 79667
1577 79700
1578 79744
1579 79777
1580 79821
1581 79865
1582 79909
1583 79953
1584 79986
1585 80019
1586 80052
1587 80085
1588 80129
1589 80173
1590 80206
1591 80239
1592 80272
1593 80305
1594 80349
1595 80393
1596 80426
1597 80459
1598 80503
1599 80547
1600 80591
1601 80624
1602 80668
1603 80701
1604 80745
1605 80789
1606 80822
1607 80856
1608 80889
1609 80922
1610 80955
1611 80999
1612 81032
1613 81065
1614 81109
1615 81153
1616 81197
1617 81242
1618 81286
1619 81330
1620 81374
1621 81418
1622 81462
1623 81495
1624 81539
1625 81572
1626 81605
1627 81638
1628 81671
1629 81715
1630 81759
1631 81804
1632 81837
1633 81870
1634 81914
1635 81947
1636 81980
1637 82013
1638 82057
1639 82090
1640 82134
1641 82178
1642 82222
1643 82266
1644 82300
1645 82333
1646 82377
1647 82421
1648 82465
1649 82498
1650 82542
1651 82586
1652 82630
1653 82674
1654 82718
1655 82762
1656 82795
1657 82839
1658 82883
1659 82928
1660 82961
1661 82994
1662 83038
1663 83082
1664 83126
1665 83170
1666 83203
1667 83247
1668 83280
1669 83313
1670 83346
1671 83390
1672 83434
1673 83478
1674 83522
1675 83566
1676 83599
1677 83643
1678 83687
1679 83731
1680 83775
1681 83820
1682 83864
1683 83897
1684 83985
1685 84018
1686 84062
1687 84106
1688 84151
1689 84184
1690 84217
1691 84261
1692 84305
1693 84338
1694 84382
1695 84426
1696 84470
1697 84514
1698 84547
1699 84580
1700 84613
1701 84657
1702 84701
1703 84745
1704 84789
1705 84822
1706 84866
1707 84910
1708 84954
1709 84998
1710 85042
1711 85075
1712 85108
1713 85152
1714 85196
1715 85241
1716 85285
1717 85318
1718 85362
1719 85395
1720 85428
1721 85472
1722 85505
1723 85549
1724 85593
1725 85637
1726 85671
1727 85704
1728 85737
1729 85770
1730 85814
1731 85858
1732 85902
1733 85946
1734 85979
1735 86012
1736 86056
1737 86089
1738 86122
1739 86166
1740 86199
1741 86232
1742 86265
1743 86309
1744 86342
1745 86376
1746 86421
1747 86465
1748 86509
1749 86553
1750 86597
1751 86641
1752 86685
1753 86718
1754 86762
1755 86795
1756 86839
1757 86872
1758 86916
1759 86960
1760 87004
1761 87048
1762 87081
1763 87114
1764 87147
1765 87191
1766 87235
1767 87268
1768 87301
1769 87334
1770 87378
1771 87411
1772 87444
1773 87477
1774 87510
1775 87543
1776 87577
1777 87622
1778 87666
1779 87699
1780 87743
1781 87776
1782 87820
1783 87864
1784 87897
1785 87930
1786 87974
1787 88007
1788 88040
1789 88074
1790 88119
1791 88164
1792 88197
1793 88241
1794 88274
1795 88307
1796 88340
1797 88373
1798 88418
1799 88462
1800 88506
1801 88550
1802 88583
1803 88627
1804 88671
1805 88715
1806 88748
1807 88781
1808 88825
1809 88869
1810 88902
1811 88947
1812 88991
1813 89024
1814 89069
1815 89102
1816 89135
1817 89168
1818 89201
1819 89245
1820 89289
1821 89333
1822 89377
1823 89421
1824 89454
1825 89498
1826 89531
1827 89575
1828 89619
1829 89652
1830 89696
1831 89740
1832 89784
1833 89829
1834 89873
1835 89906
1836 89950
1837 89994
1838 90038
1839 90082
1840 90126
1841 90170
1842 90214
1843 90248
1844 90292
1845 90336
1846 90369
1847 90413
1848 90457
1849 90502
1850 90535
1851 90568
1852 90612
1853 90656
1854 90700
1855 90733
1856 90778
1857 90822
1858 90866
1859 90910
1860 90943
1861 90987
1862 91031
1863 91076
1864 91120
1865 91153
1866 91197
1867 91241
1868 91285
1869 91329
1870 91396
1871 91462
1872 91495
1873 91539
1874 91583
1875 91628
1876 91661
1877 91705
1878 91749
1879 91782
1880 91815
1881 91848
1882 91893
1883 91981
1884 92014
1885 92058
1886 92102
1887 92135
1888 92179
1889 92212
1890 92256
1891 92301
1892 92345
1893 92389
1894 92422
1895 92455
1896 92500
1897 92544
1898 92588
1899 92621
1900 92654
1901 92687
1902 92720
1903 92764
1904 92808
1905 92841
1906 92885
1907 92918
1908 92962
1909 93006
1910 93039
1911 93072
1912 93116
1913 93160
1914 93205
1915 93249
1916 93293
1917 93326
1918 93359
1919 93392
1920 93437
1921 93481
1922 93514
1923 93558
1924 93591
1925 93635
1926 93679
1927 93712
1928 93756
1929 93800
1930 93844
1931 93888
1932 93932
1933 93965
1934 94009
1935 94042
1936 94075
1937 94108
1938 94142
1939 94186
1940 94219
1941 94263
1942 94307
1943 94340
1944 94384
1945 94428
1946 94461
1947 94505
1948 94549
1949 94582
1950 94615
1951 94659
1952 94692
1953 94725
1954 94770
1955 94814
1956 94858
1957 94902
1958 94946
1959 94979
1960 95013
1961 95057
1962 95101
1963 95145
1964 95178
1965 95222
1966 95255
1967 95289
1968 95322
1969 95366
1970 95399
1971 95443
1972 95487
1973 95531
1974 95575
1975 95619
1976 95652
1977 95685
1978 95729
1979 95773
1980 95806
1981 95850
1982 95883
1983 95927
1984 95960
1985 95993
1986 96037
1987 96081
1988 96114
1989 96213
1990 96246
1991 96279
1992 96323
1993 96356
1994 96400
1995 96444
1996 96488
1997 96532
1998 96576
1999 96620
2000 96653
2001 96698
2002 96742
2003 96775
2004 96819
2005 96863
2006 96907
2007 96951
2008 105019
2009 105063
2010 105108
2011 105141
2012 105185
2013 105229
2014 105263
2015 105296
2016 105340
2017 105384
2018 105428
2019 105472
2020 105505
2021 105549
2022 105582
2023 105626
2024 105670
2025 105703
2026 105747
2027 105780
2028 105813
2029 105846
2030 105891
2031 105935
2032 105968
2033 106012
2034 106057
2035 106101
2036 106134
2037 106178
2038 106222
2039 106266
2040 106321
2041 106354
2042 106387
2043 106431
2044 106475
2045 106520
2046 106564
2047 106608
2048 106641
2049 106685
2050 106718
2051 106751
2052 106795
2053 106828
2054 106872
2055 106916
2056 106949
2057 106993
2058 107037
2059 107081
2060 107125
2061 107158
2062 107191
2063 107235
2064 107268
2065 107312
2066 107356
2067 107400
2068 107433
2069 107466
2070 107510
2071 107554
2072 107587
2073 107620
2074 107653
2075 107697
2076 107730
2077 107774
2078 107818
2079 107852
2080 107885
2081 107918
2082 107962
2083 108006
2084 108050
2085 108083
2086 108127
2087 108171
2088 108205
2089 108238
2090 108271
2091 108304
2092 108348
2093 108393
2094 108426
2095 108459
2096 108503
2097 108536
2098 108569
2099 108613
2100 108658
2101 108691
2102 108735
2103 108779
2104 108823
2105 108867
2106 108900
2107 108944
2108 108988
2109 109032
2110 109065
2111 109109
2112 109153
2113 109186
2114 109219
2115 109263
2116 109307
2117 109351
2118 109384
2119 109428
2120 109461
2121 109494
2122 109527
2123 109560
2124 109604
2125 109648
2126 109681
2127 109714
2128 109758
2129 109802
2130 109846
2131 109879
2132 109923
2133 109967
2134 110000
2135 110033
2136 110066
2137 110099
2138 110132
2139 110176
2140 110221
2141 110254
2142 110298
2143 110331
2144 110364
2145 110398
2146 110442
2147 110475
2148 110519
2149 110552
2150 110585
2151 110629
2152 110673
2153 110717
2154 110750
2155 110794
2156 110838
2157 110871
2158 110904
2159 110948
2160 110992
2161 111025
2162 111058
2163 111091
2164 111135
2165 111179
2166 111289
2167 111333
2168 111366
2169 111410
2170 111454
2171 111499
2172 111543
2173 111587
2174 111631
2175 111675
2176 111719
2177 111763
2178 111797
2179 111841
2180 111885
2181 111918
2182 111962
2183 112006
2184 112051
2185 112095
2186 112139
2187 112172
2188 112216
2189 112261
2190 112305
2191 112350
2192 112394
2193 112438
2194 112482
2195 112515
2196 112559
2197 112592
2198 112636
2199 112680
2200 112724
2201 112757
2202 112790
2203 112823
2204 112867
2205 112911
2206 112955
2207 112988
2208 113022
2209 113066
2210 113099
2211 113143
2212 113187
2213 113231
2214 113275
2215 113309
2216 113342
2217 113375
2218 113419
2219 113452
2220 113496
2221 113529
2222 113573
2223 113617
2224 113650
2225 113694
2226 113738
2227 113782
2228 113826
2229 113859
2230 113892
2231 113925
2232 113970
2233 114014
2234 114047
2235 114080
2236 114124
2237 114157
2238 114201
2239 114246
2240 114279
2241 114323
2242 114356
2243 114389
2244 114422
2245 114456
2246 114500
2247 114544
2248 114588
2249 114632
2250 114665
2251 114698
2252 114742
2253 114775
2254 114808
2255 114852
2256 114896
2257 114940
2258 114984
2259 115028
2260 115061
2261 115105
2262 115149
2263 115193
2264 115237
2265 115270
2266 115315
2267 115359
2268 115403
2269 115436
2270 115469
2271 115513
2272 115558
2273 115602
2274 115635
2275 115679
2276 115712
2277 115745
2278 115789
2279 115833
2280 115877
2281 115910
2282 115943
2283 115987
2284 116031
2285 116075
2286 116109
2287 116142
2288 116186
2289 116219
2290 116252
2291 116296
2292 116340
2293 116373
2294 116417
2295 116450
2296 116483
2297 116516
2298 116560
2299 116593
2300 116637
2301 116681
2302 116725
2303 116769
2304 116813
2305 116846
2306 116879
2307 116923
2308 116956
2309 117000
2310 117033
2311 117066
2312 117110
2313 117143
2314 117187
2315 117231
2316 117264
2317 117297
2318 117330
2319 117363
2320 117407
2321 117451
2322 117495
2323 117539
2324 117572
2325 117605
2326 117638
2327 117671
2328 117716
2329 117760
2330 117804
2331 117848
2332 117881
2333 117925
2334 117970
2335 118003
2336 118047
2337 118091
2338 118135
2339 118168
2340 118212
2341 118256
2342 118289
2343 118322
2344 118356
2345 118389
2346 118433
2347 118466
2348 118499
2349 118532
2350 118576
2351 118620
2352 118653
2353 118698
2354 118742
2355 118775
2356 118819
2357 118863
2358 118896
2359 118940
2360 118973
2361 119017
2362 119061
2363 119105
2364 119149
2365 119182
2366 119226
2367 119259
2368 119292
2369 119337
2370 119370
2371 119414
2372 119458
2373 119502
2374 119546
2375 119590
2376 119634
2377 119667
2378 119700
2379 119733
2380 119778
2381 119811
2382 119855
2383 119888
2384 119932
2385 119965
2386 120009
2387 120053
2388 120086
2389 120130
2390 120174
2391 120218
2392 120262
2393 120306
2394 120350
2395 120395
2396 120439
2397 120472
2398 120505
2399 120549
2400 120593
2401 120637
2402 120681
2403 120714
2404 120758
2405 120791
2406 120824
2407 120868
2408 120901
2409 120945
2410 120989
2411 121033
2412 121066
2413 121110
2414 121154
2415 121187
2416 121231
2417 121265
2418 121298
2419 121342
2420 121375
2421 121408
2422 121441
2423 121474
2424 121518
2425 121562
2426 121595
2427 121639
2428 121683
2429 121716
2430 121749
2431 121793
2432 121837
2433 121870
2434 121914
2435 121947
2436 121991
2437 122035
2438 122068
2439 122112
2440 122145
2441 122178
2442 122211
2443 122255
2444 122288
2445 122332
2446 122365
2447 122409
2448 122453
2449 122497
2450 122541
2451 122574
2452 122618
2453 122651
2454 122695
2455 122728
2456 122772
2457 122805
2458 122838
2459 122882
2460 122927
2461 122971
2462 123015
2463 123048
2464 123081
2465 123114
2466 123147
2467 123180
2468 123224
2469 123268
2470 123312
2471 123356
2472 123400
2473 123444
2474 123477
2475 123521
2476 123554
2477 123598
2478 123631
2479 123675
2480 123708
2481 123741
2482 123785
2483 123829
2484 123873
2485 123906
2486 123950
2487 123983
2488 124027
2489 124060
2490 124149
2491 124193
2492 124237
2493 124281
2494 124325
2495 124358
2496 124402
2497 124446
2498 124490
2499 124534
2500 124579
2501 124623
2502 124667
2503 124711
2504 124755
2505 124799
2506 124832
2507 124876
2508 124909
2509 124953
2510 124997
2511 125030
2512 125063
2513 125107
2514 125140
2515 125184
2516 125228
2517 125272
2518 125317
2519 125350
2520 125394
2521 125438
2522 125482
2523 125526
2524 125570
2525 125614
2526 125658
2527 125702
2528 125735
2529 125779
2530 125823
2531 125856
2532 125889
2533 125933
2534 125967
2535 126011
2536 126044
2537 126077
2538 126121
2539 126154
2540 126198
2541 126242
2542 126286
2543 126330
2544 126363
2545 126407
2546 126451
2547 126495
2548 126528
2549 126573
2550 126617
2551 126650
2552 126694
2553 126738
2554 126782
2555 126826
2556 126870
2557 126914
2558 126958
2559 127003
2560 127047
2561 127080
2562 127124
2563 127168
2564 127212
2565 127256
2566 127300
2567 127344
2568 127377
2569 127421
2570 127454
2571 127487
2572 127521
2573 127554
2574 127587
2575 127631
2576 127664
2577 127697
2578 127730
2579 127774
2580 127818
2581 127862
2582 127906
2583 127950
2584 127983
2585 128027
2586 128060
2587 128104
2588 128148
2589 128181
2590 128214
2591 128247
2592 128291
2593 128335
2594 128368
2595 128401
2596 128434
2597 128478
2598 128522
2599 128566
2600 128610
2601 128643
2602 128687
2603 128720
2604 128753
2605 128786
2606 128819
2607 128863
2608 128908
2609 128941
2610 128974
2611 129007
2612 129051
2613 129095
2614 129128
2615 129172
2616 129205
2617 129249
2618 129294
2619 129338
2620 129382
2621 129415
2622 129459
2623 129492
2624 129526
2625 129559
2626 129592
2627 129625
2628 129669
2629 129713
2630 129757
2631 129801
2632 129845
2633 129878
2634 129911
2635 129955
2636 129988
2637 130033
2638 130066
2639 130110
2640 130143
2641 130176
2642 130209
2643 130242
2644 130275
2645 130308
2646 130341
2647 130385
2648 130418
2649 130462
2650 130495
2651 130539
2652 130572
2653 130616
2654 130649
2655 130682
2656 130716
2657 130749
2658 130793
2659 130837
2660 130870
2661 130914
2662 130947
2663 130991
2664 131035
2665 131068
2666 131112
2667 131145
2668 131189
2669 131233
2670 131266
2671 131310
2672 131344
2673 131377
2674 131421
2675 131465
2676 131509
2677 131542
2678 131586
2679 131619
2680 131663
2681 131696
2682 131740
2683 131784
2684 131828
2685 131872
2686 131916
2687 131960
2688 131993
2689 132026
2690 132059
2691 132092
2692 132125
2693 132158
2694 132192
2695 132236
2696 132280
2697 132313
2698 132357
2699 132401
2700 132445
2701 132478
2702 132522
2703 132555
2704 132588
2705 132632
2706 132665
2707 132698
2708 132742
2709 132786
2710 132819
2711 132852
2712 132886
2713 132919
2714 132952
2715 132985
2716 133029
2717 133073
2718 133106
2719 133150
2720 133194
2721 133238
2722 133282
2723 133327
2724 133371
2725 133415
2726 133448
2727 133492
2728 133536
2729 133580
2730 133624
2731 133657
2732 133690
2733 133734
2734 133767
2735 133800
2736 133833
2737 133877
2738 133910
2739 133954
2740 133998
2741 134031
2742 134064
2743 134108
2744 134141
2745 134174
2746 134207
2747 134251
2748 134284
2749 134328
2750 134361
2751 134405
2752 134438
2753 134471
2754 134504
2755 134537
2756 134581
2757 134614
2758 134658
2759 134702
2760 134747
2761 134791
2762 134835
2763 134868
2764 134901
2765 134945
2766 134989
2767 135022
2768 135066
2769 135099
2770 135143
2771 135177
2772 135221
2773 135254
2774 135298
2775 135331
2776 135375
2777 135419
2778 135452
2779 135485
2780 135518
2781 135551
2782 135584
2783 135617
2784 135650
2785 135695
2786 135739
2787 135772
2788 135816
2789 135849
2790 135882
2791 135915
2792 135959
2793 136003
2794 136036
2795 136069
2796 136102
2797 136135
2798 136168
2799 136212
2800 136246
2801 136290
2802 136323
2803 136356
2804 136400
2805 136444
2806 136477
2807 136510
2808 136543
2809 136587
2810 136631
2811 136664
2812 136697
2813 136730
2814 136774
2815 136818
2816 136862
2817 136895
2818 136928
2819 136973
2820 137006
2821 137050
2822 137083
2823 137116
2824 137160
2825 137204
2826 137249
2827 137282
2828 137326
2829 137359
2830 137403
2831 137436
2832 137469
2833 137514
2834 137558
2835 137591
2836 137635
2837 137668
2838 137712
2839 137756
2840 137789
2841 137823
2842 137856
2843 137900
2844 137944
2845 137977
2846 138021
2847 138054
2848 138098
2849 138142
2850 138186
2851 138219
2852 138252
2853 138285
2854 138329
2855 138362
2856 138406
2857 138450
2858 138494
2859 138538
2860 138582
2861 138615
2862 138659
2863 138692
2864 138725
2865 138770
2866 138803
2867 138836
2868 138880
2869 138913
2870 138957
2871 139001
2872 139035
2873 139068
2874 139112
2875 139145
2876 139178
2877 139211
2878 139255
2879 139299
2880 139332
2881 139376
2882 139420
2883 139464
2884 139508
2885 139541
2886 139574
2887 139607
2888 139651
2889 139695
2890 139728
2891 139772
2892 139816
2893 139849
2894 139893
2895 139938
2896 139982
2897 140026
2898 140059
2899 140092
2900 140136
2901 140169
2902 140202
2903 140235
2904 140268
2905 140301
2906 140334
2907 140378
2908 140422
2909 140455
2910 140499
2911 140543
2912 140588
2913 140632
2914 140665
2915 140709
2916 140742
2917 140775
2918 140809
2919 140853
2920 140886
2921 140920
2922 140964
2923 141008
2924 141041
2925 141074
2926 141107
2927 141140
2928 141184
2929 141218
2930 141251
2931 141295
2932 141328
2933 141361
2934 141405
2935 141449
2936 141482
2937 141526
2938 141559
2939 141592
2940 141625
2941 141658
2942 141702
2943 141746
2944 141779
2945 141812
2946 141857
2947 141901
2948 141945
2949 141989
2950 142022
2951 142055
2952 142099
2953 142132
2954 142176
2955 142220
2956 142253
2957 142286
2958 142330
2959 142374
2960 142407
2961 142451
2962 142496
2963 142540
2964 142584
2965 142617
2966 142662
2967 142695
2968 142739
2969 142783
2970 142827
2971 142860
2972 142894
2973 142938
2974 142982
2975 143015
2976 143059
2977 143092
2978 143136
2979 143180
2980 143213
2981 143246
2982 143291
2983 143335
2984 143379
2985 143423
2986 143467
2987 143511
2988 143555
2989 143588
2990 143632
2991 143709
2992 143754
2993 143798
2994 143831
2995 143864
2996 143908
2997 143952
2998 143996
2999 144040
3000 144073
3001 144106
3002 144150
3003 144183
3004 144228
3005 144261
3006 144294
3007 144338
3008 144371
3009 144415
3010 144459
3011 144492
3012 144525
3013 144569
3014 144613
3015 144646
3016 144690
3017 144723
3018 144756
3019 144789
3020 144822
3021 144855
3022 144888
3023 144921
3024 144954
3025 144987
3026 145020
3027 145065
3028 145109
3029 145153
3030 145197
3031 145230
3032 152316
3033 152360
3034 152393
3035 152438
3036 152471
3037 152515
3038 152559
3039 152603
3040 152647
3041 152680
3042 152725
3043 152769
3044 152802
3045 152846
3046 152890
3047 152923
3048 152967
3049 153011
3050 153055
3051 153099
3052 153144
3053 153188
3054 153232
3055 153266
3056 153299
3057 153343
3058 153387
3059 153420
3060 153465
3061 153509
3062 153553
3063 153586
3064 153619
3065 153652
3066 153685
3067 153718
3068 153751
3069 153795
3070 153839
3071 153872
3072 153905
3073 153949
3074 153982
3075 154015
3076 154059
3077 154092
3078 154136
3079 154180
3080 154213
3081 154247
3082 154291
3083 154324
3084 154368
3085 154412
3086 154456
3087 154500
3088 154544
3089 154577
3090 154610
3091 154654
3092 154687
3093 154720
3094 154764
3095 154808
3096 154841
3097 154885
3098 154918
3099 154951
3100 154995
3101 155039
3102 155083
3103 155116
3104 155149
3105 155193
3106 155226
3107 155270
3108 155303
3109 155347
3110 155391
3111 155435
3112 155468
3113 155501
3114 155545
3115 155589
3116 155633
3117 155666
3118 155699
3119 155732
3120 155765
3121 155809
3122 155853
3123 155897
3124 155941
3125 155985
3126 156018
3127 156051
3128 156095
3129 156128
3130 156173
3131 156217
3132 156261
3133 156305
3134 156349
3135 156382
3136 156415
3137 156448
3138 156481
3139 156514
3140 156558
3141 156602
3142 156635
3143 156668
3144 156712
3145 156745
3146 156789
3147 156833
3148 156877
3149 156921
3150 156954
3151 156987
3152 157031
3153 157064
3154 157097
3155 157141
3156 157174
3157 157219
3158 157252
3159 157296
3160 157340
3161 157385
3162 157429
3163 157462
3164 157495
3165 157539
3166 157583
3167 157616
3168 157650
3169 157694
3170 157738
3171 157782
3172 157826
3173 157859
3174 157903
3175 157947
3176 157980
3177 158013
3178 158046
3179 158090
3180 158134
3181 158167
3182 158211
3183 158255
3184 158299
3185 158343
3186 158388
3187 158432
3188 158465
3189 158498
3190 158542
3191 158587
3192 158620
3193 158653
3194 158686
3195 158730
3196 158763
3197 158796
3198 158829
3199 158873
3200 158917
3201 158962
3202 159006
3203 159050
3204 159095
3205 159139
3206 159183
3207 159216
3208 159249
3209 159293
3210 159338
3211 159382
3212 159415
3213 159459
3214 159492
3215 159536
3216 159580
3217 159624
3218 159657
3219 159690
3220 159734
3221 159778
3222 159822
3223 159866
3224 159899
3225 159944
3226 159977
3227 160021
3228 160065
3229 160109
3230 160142
3231 160186
3232 160219
3233 160263
3234 160307
3235 160341
3236 160385
3237 160429
3238 160462
3239 160506
3240 160550
3241 160594
3242 160627
3243 160660
3244 160704
3245 160737
3246 160781
3247 160825
3248 160858
3249 160902
3250 160946
3251 160990
3252 161023
3253 161067
3254 161100
3255 161144
3256 161188
3257 161233
3258 161266
3259 161310
3260 161354
3261 161387
3262 161420
3263 161464
3264 161497
3265 161530
3266 161563
3267 161608
3268 161652
3269 161685
3270 161729
3271 161762
3272 161795
3273 161828
3274 161872
3275 161916
3276 161960
3277 162004
3278 162048
3279 162081
3280 162125
3281 162170
3282 162214
3283 162258
3284 162302
3285 162335
3286 162379
3287 162423
3288 162456
3289 162489
3290 162522
3291 162566
3292 162599
3293 162643
3294 162676
3295 162709
3296 162754
3297 162787
3298 162820
3299 162853
3300 162897
3301 162930
3302 162974
3303 163018
3304 163062
3305 163106
3306 163150
3307 163183
3308 163227
3309 163271
3310 163315
3311 163359
3312 163403
3313 163436
3314 163480
3315 163513
3316 163557
3317 163591
3318 163635
3319 163679
3320 163723
3321 163767
3322 163811
3323 163855
3324 163888
3325 163921
3326 163954
3327 163998
3328 164042
3329 164075
3330 164120
3331 164153
3332 164186
3333 164230
3334 164263
3335 164307
3336 164352
3337 164396
3338 164429
3339 164473
3340 164506
3341 164550
3342 164584
3343 164617
3344 164650
3345 164694
3346 164727
3347 164771
3348 164816
3349 164849
3350 164893
3351 164926
3352 164959
3353 164992
3354 165025
3355 165069
3356 165113
3357 165157
3358 165201
3359 165234
3360 165278
3361 165322
3362 165366
3363 165411
3364 165455
3365 165499
3366 165543
3367 165577
3368 165610
3369 165654
3370 165698
3371 165731
3372 165776
3373 165809
3374 165853
3375 165886
3376 165930
3377 165974
3378 166019
3379 166063
3380 166107
3381 166140
3382 166184
3383 166217
3384 166250
3385 166283
3386 166316
3387 166349
3388 166393
3389 166437
3390 166470
3391 166503
3392 166547
3393 166591
3394 166624
3395 166668
3396 166712
3397 166757
3398 166801
3399 166834
3400 166867
3401 166900
3402 166944
3403 166989
3404 167022
3405 167066
3406 167099
3407 167143
3408 167176
3409 167209
3410 167242
3411 167275
3412 167308
3413 167341
3414 167385
3415 167429
3416 167473
3417 167517
3418 167550
3419 167583
3420 167627
3421 167671
3422 167715
3423 167759
3424 167792
3425 167825
3426 167869
3427 167913
3428 167957
3429 168001
3430 168035
3431 168079
3432 168123
3433 168156
3434 168200
3435 168233
3436 168266
3437 168299
3438 168343
3439 168387
3440 168431
3441 168464
3442 168497
3443 168541
3444 168585
3445 168629
3446 168662
3447 168707
3448 168740
3449 168773
3450 168806
3451 168850
3452 168883
3453 168927
3454 168960
3455 169004
3456 169037
3457 169081
3458 169125
3459 169158
3460 169202
3461 169246
3462 169290
3463 169323
3464 169356
3465 169400
3466 169433
3467 169466
3468 169565
3469 169609
3470 169642
3471 169675
3472 169719
3473 169763
3474 169807
3475 169851
3476 169896
3477 169929
3478 169973
3479 170017
3480 170050
3481 170083
3482 170127
3483 170160
3484 170204
3485 170237
3486 170281
3487 170314
3488 170347
3489 170391
3490 170424
3491 170457
3492 170501
3493 170600
3494 170633
3495 170666
3496 170699
3497 170743
3498 170776
3499 170809
3500 170853
3501 170886
3502 170919
3503 170952
3504 170985
3505 171018
3506 171051
3507 171095
3508 171128
3509 171162
3510 171195
3511 171239
3512 171272
3513 171305
3514 171338
3515 171371
3516 171415
3517 171448
3518 171481
3519 171525
3520 171558
3521 171591
3522 171624
3523 171668
3524 171701
3525 171745
3526 171789
3527 171833
3528 171866
3529 171910
3530 171943
3531 171987
3532 172031
3533 172064
3534 172108
3535 172152
3536 172185
3537 172229
3538 172262
3539 172296
3540 172340
3541 172384
3542 172428
3543 172461
3544 172505
3545 172549
3546 172582
3547 172616
3548 172660
3549 172704
3550 172737
3551 172770
3552 172803
3553 172847
3554 172892
3555 172936
3556 172980
3557 173013
3558 173046
3559 173090
3560 173134
3561 173167
3562 173211
3563 173255
3564 173289
3565 173322
3566 173366
3567 173399
3568 173432
3569 173476
3570 173509
3571 173553
3572 173586
3573 173619
3574 173663
3575 173707
3576 173741
3577 173774
3578 173818
3579 173862
3580 173906
3581 173950
3582 173994
3583 174027
3584 174072
3585 174105
3586 174149
3587 174182
3588 174215
3589 174248
3590 174292
3591 174336
3592 174380
3593 174424
3594 174457
3595 174490
3596 174534
3597 174578
3598 174622
3599 174655
3600 174699
3601 174732
3602 174765
3603 174798
3604 174831
3605 174875
3606 174919
3607 174952
3608 174996
3609 175029
3610 175062
3611 175106
3612 175139
3613 175183
3614 175227
3615 175271
3616 175304
3617 175337
3618 175370
3619 175414
3620 175448
3621 175481
3622 175525
3623 175558
3624 175602
3625 175635
3626 175679
3627 175723
3628 175767
3629 175800
3630 175845
3631 175890
3632 175934
3633 175978
3634 176022
3635 176066
3636 176099
3637 176143
3638 176187
3639 176220
3640 176264
3641 176308
3642 176352
3643 176397
3644 176441
3645 176474
3646 176518
3647 176562
3648 176595
3649 176639
3650 176672
3651 176716
3652 176761
3653 176805
3654 176849
3655 176893
3656 176937
3657 176981
3658 177025
3659 177058
3660 177091
3661 177124
3662 177168
3663 177212
3664 177256
3665 177300
3666 177334
3667 177378
3668 177422
3669 177466
3670 177510
3671 177543
3672 177576
3673 177621
3674 177654
3675 177698
3676 177742
3677 177775
3678 177819
3679 177852
3680 177885
3681 177918
3682 177951
3683 177984
3684 178028
3685 178073
3686 178107
3687 178151
3688 178184
3689 178217
3690 178262
3691 178295
3692 178328
3693 178372
3694 178405
3695 178438
3696 178483
3697 178527
3698 178560
3699 178604
3700 178637
3701 178670
3702 178715
3703 178748
3704 178792
3705 178825
3706 178869
3707 178902
3708 178947
3709 178991
3710 179035
3711 179068
3712 179101
3713 179145
3714 179189
3715 179233
3716 179277
3717 179321
3718 179354
3719 179398
3720 179431
3721 179475
3722 179519
3723 179563
3724 179607
3725 179640
3726 179684
3727 179717
3728 179761
3729 179805
3730 179838
3731 179882
3732 179915
3733 179959
3734 179992
3735 180025
3736 180059
3737 180092
3738 180125
3739 180158
3740 180191
3741 180224
3742 180257
3743 180301
3744 180345
3745 180389
3746 180433
3747 180466
3748 180510
3749 180544
3750 180588
3751 180632
3752 180676
3753 180720
3754 180753
3755 180786
3756 180819
3757 180852
3758 180896
3759 180929
3760 180973
3761 181018
3762 181062
3763 181106
3764 181150
3765 181194
3766 181239
3767 181283
3768 181327
3769 181371
3770 181415
3771 181448
3772 181481
3773 181525
3774 181558
3775 181591
3776 181624
3777 181669
3778 181702
3779 181735
3780 181779
3781 181813
3782 181846
3783 181879
3784 181923
3785 181956
3786 181989
3787 182034
3788 182067
3789 182100
3790 182144
3791 182188
3792 182232
3793 182276
3794 182309
3795 182353
3796 182397
3797 182430
3798 182463
3799 182507
3800 182551
3801 182595
3802 182628
3803 182672
3804 182716
3805 182760
3806 182793
3807 182837
3808 182870
3809 182914
3810 182958
3811 183002
3812 183046
3813 183079
3814 183123
3815 183167
3816 183211
3817 183244
3818 183288
3819 183333
3820 183366
3821 183410
3822 183454
3823 183498
3824 183542
3825 183586
3826 183619
3827 183652
3828 183686
3829 183719
3830 183763
3831 183807
3832 183851
3833 183895
3834 183940
3835 183973
3836 184017
3837 184051
3838 184084
3839 184117
3840 184161
3841 184194
3842 184238
3843 184272
3844 184305
3845 184349
3846 184382
3847 184426
3848 184470
3849 184503
3850 184536
3851 184570
3852 184603
3853 184636
3854 184669
3855 184713
3856 184757
3857 184790
3858 184834
3859 184878
3860 184911
3861 184955
3862 184989
3863 185022
3864 185055
3865 185099
3866 185132
3867 185176
3868 185209
3869 185253
3870 185297
3871 185341
3872 185386
3873 185419
3874 185463
3875 185496
3876 185529
3877 185563
3878 185607
3879 185651
3880 185695
3881 185739
3882 185784
3883 185828
3884 185861
3885 185905
3886 185938
3887 185971
3888 186016
3889 186060
3890 186093
3891 186137
3892 186182
3893 186226
3894 186270
3895 186314
3896 186347
3897 186380
3898 186413
3899 186457
3900 186490
3901 186523
3902 186568
3903 186612
3904 186645
3905 186678
3906 186722
3907 186766
3908 186810
3909 186854
3910 186898
3911 186942
3912 186976
3913 187020
3914 187064
3915 187108
3916 187152
3917 187196
3918 187229
3919 187273
3920 187317
3921 187361
3922 187394
3923 187438
3924 187471
3925 187504
3926 187548
3927 187581
3928 187614
3929 187658
3930 187702
3931 187735
3932 187779
3933 187812
3934 187856
3935 187889
3936 187922
3937 187966
3938 187999
3939 188032
3940 188065
3941 188109
3942 188153
3943 188186
3944 188219
3945 188263
3946 188296
3947 188329
3948 188373
3949 188417
3950 188450
3951 188494
3952 188538
3953 188582
3954 188626
3955 188670
3956 188714
3957 188759
3958 188792
3959 188836
3960 188880
3961 188913
3962 188957
3963 189001
3964 189045
3965 189089
3966 189122
3967 189155
3968 189188
3969 189221
3970 189265
3971 189309
3972 189342
3973 189386
3974 189430
3975 189464
3976 189497
3977 189541
3978 189574
3979 189607
3980 189652
3981 189685
3982 189718
3983 189751
3984 189795
3985 189839
3986 189883
3987 189928
3988 189961
3989 190005
3990 190049
3991 190083
3992 190127
3993 190160
3994 190193
3995 190226
3996 190270
3997 190303
3998 190337
3999 190370
4000 190403
4001 190447
4002 190480
4003 190524
4004 190568
4005 190656
4006 190700
4007 190744
4008 190777
4009 190821
4010 190865
4011 190909
4012 190942
4013 190975
4014 191019
4015 191052
4016 191085
4017 191129
4018 191162
4019 191195
4020 191228
4021 191272
4022 191316
4023 191360
4024 191404
4025 191437
4026 191481
4027 191525
4028 191569
4029 191613
4030 191657
4031 191701
4032 191745
4033 191790
4034 191834
4035 191867
4036 191911
4037 191955
4038 191988
4039 192032
4040 192077
4041 192110
4042 192143
4043 192187
4044 192231
4045 192276
4046 192320
4047 192364
4048 192408
4049 192441
4050 192485
4051 192518
4052 192563
4053 192596
4054 192640
4055 192684
4056 197291
4057 197335
4058 197368
4059 197412
4060 197445
4061 197478
4062 197522
4063 197567
4064 197600
4065 197644
4066 197688
4067 197721
4068 197754
4069 197787
4070 197831
4071 197864
4072 197909
4073 197953
4074 197997
4075 198041
4076 198085
4077 198118
4078 198151
4079 198195
4080 198239
4081 198283
4082 198327
4083 198361
4084 198394
4085 198427
4086 198460
4087 198494
4088 198538
4089 198571
4090 198604
4091 198637
4092 198681
4093 198714
4094 198758
4095 198791
4096 198824
4097 198858
4098 198902
4099 198935
4100 198968
4101 199012
4102 199045
4103 199089
4104 199122
4105 199166
4106 199199
4107 199232
4108 199276
4109 199309
4110 199353
4111 199397
4112 199441
4113 199485
4114 199529
4115 199573
4116 199617
4117 199650
4118 199694
4119 199727
4120 199760
4121 199804
4122 199837
4123 199881
4124 199925
4125 199958
4126 199991
4127 200035
4128 200068
4129 200101
4130 200145
4131 200189
4132 200233
4133 200266
4134 200310
4135 200343
4136 200387
4137 200420
4138 200465
4139 200498
4140 200531
4141 200575
4142 200608
4143 200652
4144 200696
4145 200740
4146 200784
4147 200828
4148 200873
4149 200917
4150 200950
4151 200983
4152 201016
4153 201060
4154 201105
4155 201138
4156 201182
4157 201226
4158 201270
4159 201314
4160 201347
4161 201380
4162 201424
4163 201468
4164 201512
4165 201545
4166 201589
4167 201622
4168 201655
4169 201699
4170 201744
4171 201788
4172 201821
4173 201865
4174 201898
4175 201931
4176 201975
4177 202008
4178 202052
4179 202085
4180 202118
4181 202162
4182 202206
4183 202250
4184 202294
4185 202327
4186 202371
4187 202415
4188 202459
4189 202492
4190 202525
4191 202569
4192 202602
4193 202636
4194 202680
4195 202724
4196 202757
4197 202801
4198 202834
4199 202867
4200 202911
4201 202955
4202 202999
4203 203043
4204 203087
4205 203131
4206 203175
4207 203208
4208 203241
4209 203285
4210 203329
4211 203373
4212 203406
4213 203439
4214 203472
4215 203505
4216 203549
4217 203582
4218 203626
4219 203659
4220 203692
4221 203726
4222 203770
4223 203814
4224 203858
4225 203902
4226 203935
4227 203979
4228 204023
4229 204056
4230 204100
4231 204134
4232 204167
4233 204200
4234 204244
4235 204288
4236 204332
4237 204365
4238 204398
4239 204442
4240 204486
4241 204530
4242 204564
4243 204597
4244 204630
4245 204674
4246 204718
4247 204762
4248 204806
4249 204850
4250 204894
4251 204938
4252 204971
4253 205004
4254 205049
4255 205082
4256 205115
4257 205159
4258 205192
4259 205225
4260 205269
4261 205313
4262 205346
4263 205390
4264 205434
4265 205478
4266 205522
4267 205555
4268 205599
4269 205644
4270 205677
4271 205710
4272 205754
4273 205798
4274 205831
4275 205875
4276 205908
4277 205952
4278 205985
4279 206030
4280 206063
4281 206107
4282 206151
4283 206195
4284 206239
4285 206272
4286 206306
4287 206350
4288 206394
4289 206438
4290 206482
4291 206515
4292 206559
4293 206603
4294 206647
4295 206691
4296 206735
4297 206779
4298 206812
4299 206856
4300 206900
4301 206944
4302 206988
4303 207021
4304 207065
4305 207099
4306 207143
4307 207187
4308 207220
4309 207264
4310 207308
4311 207341
4312 207385
4313 207418
4314 207462
4315 207506
4316 207539
4317 207572
4318 207605
4319 207638
4320 207671
4321 207715
4322 207748
4323 207793
4324 207837
4325 207870
4326 207903
4327 207947
4328 207991
4329 208024
4330 208068
4331 208112
4332 208146
4333 208190
4334 208234
4335 208267
4336 208300
4337 208344
4338 208388
4339 208432
4340 208476
4341 208520
4342 208564
4343 208609
4344 208642
4345 208686
4346 208719
4347 208752
4348 208796
4349 208829
4350 208862
4351 208906
4352 208939
4353 208983
4354 209027
4355 209060
4356 209104
4357 209149
4358 209193
4359 209226
4360 209270
4361 209315
4362 209348
4363 209381
4364 209425
4365 209469
4366 209502
4367 209546
4368 209579
4369 209623
4370 209667
4371 209711
4372 209744
4373 209788
4374 209821
4375 209866
4376 209910
4377 209954
4378 209987
4379 210031
4380 210075
4381 210119
4382 210152
4383 210196
4384 210240
4385 210284
4386 210328
4387 210361
4388 210394
4389 210438
4390 210471
4391 210504
4392 210548
4393 210592
4394 210625
4395 210658
4396 210702
4397 210746
4398 210790
4399 210834
4400 210867
4401 210900
4402 210944
4403 210988
4404 211032
4405 211076
4406 211110
4407 211143
4408 211176
4409 211220
4410 211253
4411 211297
4412 211341
4413 211386
4414 211430
4415 211474
4416 211507
4417 211540
4418 211573
4419 211617
4420 211650
4421 211684
4422 211717
4423 211761
4424 211805
4425 211849
4426 211893
4427 211937
4428 211970
4429 212014
4430 212047
4431 212091
4432 212135
4433 212179
4434 212223
4435 212267
4436 212300
4437 212344
4438 212377
4439 212410
4440 212454
4441 212488
4442 212521
4443 212565
4444 212598
4445 212631
4446 212675
4447 212719
4448 212764
4449 212808
4450 212841
4451 212885
4452 212930
4453 212974
4454 213018
4455 213062
4456 213095
4457 213139
4458 213183
4459 213227
4460 213271
4461 213315
4462 213359
4463 213403
4464 213447
4465 213481
4466 213525
4467 213569
4468 213613
4469 213658
4470 213702
4471 213735
4472 213779
4473 213813
4474 213857
4475 213901
4476 213934
4477 213978
4478 214011
4479 214044
4480 214077
4481 214110
4482 214154
4483 214187
4484 214231
4485 214275
4486 214319
4487 214352
4488 214397
4489 214441
4490 214474
4491 214507
4492 214552
4493 214596
4494 214640
4495 214684
4496 214718
4497 214762
4498 214795
4499 214839
4500 214883
4501 214916
4502 214960
4503 215004
4504 215048
4505 215092
4506 215125
4507 215169
4508 215257
4509 215301
4510 215334
4511 215378
4512 215411
4513 215455
4514 215488
4515 215532
4516 215565
4517 215598
4518 215631
4519 215675
4520 215719
4521 215752
4522 215785
4523 215818
4524 215862
4525 215907
4526 215951
4527 215995
4528 216028
4529 216072
4530 216116
4531 216160
4532 216193
4533 216227
4534 216271
4535 216315
4536 216359
4537 216403
4538 216436
4539 216480
4540 216524
4541 216557
4542 216590
4543 216634
4544 216678
4545 216722
4546 216755
4547 216799
4548 216843
4549 216887
4550 216931
4551 217030
4552 217074
4553 217118
4554 217481
4555 217624
4556 217701
4557 217778
4558 217855
4559 217921
4560 217987
4561 218064
4562 218130
4563 218196
4564 218263
4565 218329
4566 218406
4567 218472
4568 218538
4569 218604
4570 218681
4571 218758
4572 218835
4573 218912
4574 218979
4575 219056
4576 219122
4577 219199
4578 219265
4579 219342
4580 219408
4581 219486
4582 219563
4583 219640
4584 219717
4585 219794
4586 219860
4587 219937
4588 220003
4589 220069
4590 220146
4591 220212
4592 220289
4593 220355
4594 220421
4595 220487
4596 220553
4597 220630
4598 220708
4599 220774
4600 220840
4601 220906
4602 220972
4603 221038
4604 221104
4605 221170
4606 221236
4607 221302
4608 221379
4609 221456
4610 221533
4611 221610
4612 221676
4613 221753
4614 221819
4615 221896
4616 221962
4617 222028
4618 222105
4619 222182
4620 222249
4621 222315
4622 222392
4623 222458
4624 222535
4625 222601
4626 222679
4627 222745
4628 222823
4629 222900
4630 222966
4631 223033
4632 223099
4633 223165
4634 223232
4635 223309
4636 223375
4637 223453
4638 223530
4639 223596
4640 223663
4641 223729
4642 223795
4643 223873
4644 223950
4645 224016
4646 224094
4647 224160
4648 224226
4649 224303
4650 224369
4651 224435
4652 224512
4653 224589
4654 224655
4655 224721
4656 224787
4657 224864
4658 224930
4659 224996
4660 225062
4661 225139
4662 225206
4663 225283
4664 225360
4665 225426
4666 225492
4667 225558
4668 225624
4669 225690
4670 225767
4671 225833
4672 225899
4673 225966
4674 226032
4675 226098
4676 226175
4677 226241
4678 226307
4679 226373
4680 226450
4681 226516
4682 226582
4683 226648
4684 226714
4685 226791
4686 226857
4687 226935
4688 227012
4689 227078
4690 227155
4691 227222
4692 227288
4693 227366
4694 227432
4695 227498
4696 227564
4697 227630
4698 227707
4699 227773
4700 227850
4701 227927
4702 228004
4703 228082
4704 228148
4705 228214
4706 228280
4707 228346
4708 228412
4709 228489
4710 228555
4711 228632
4712 228710
4713 228776
4714 228853
4715 228919
4716 228985
4717 229062
4718 229129
4719 229206
4720 229283
4721 229349
4722 229415
4723 229481
4724 229547
4725 229613
4726 229690
4727 229756
4728 229833
4729 229911
4730 229977
4731 230054
4732 230120
4733 230186
4734 230263
4735 230340
4736 230417
4737 230495
4738 230572
4739 230638
4740 230704
4741 230781
4742 230847
4743 230924
4744 230990
4745 231067
4746 231133
4747 231210
4748 231276
4749 231353
4750 231430
4751 231496
4752 231573
4753 231650
4754 231717
4755 231783
4756 231860
4757 231926
4758 231993
4759 232070
4760 232136
4761 232213
4762 232279
4763 232345
4764 232411
4765 232477
4766 232555
4767 232621
4768 232687
4769 232753
4770 232798
4771 232842
4772 232886
4773 232919
4774 232964
4775 232997
4776 233030
4777 233063
4778 233096
4779 233129
4780 233173
4781 233217
4782 233261
4783 233305
4784 233338
4785 233382
4786 233426
4787 233459
4788 233503
4789 233547
4790 233580
4791 233624
4792 233668
4793 233702
4794 233746
4795 233824
4796 233868
4797 233912
4798 233945
4799 233989
4800 234033
4801 234078
4802 234122
4803 234166
4804 234199
4805 234232
4806 234276
4807 234320
4808 234364
4809 234397
4810 234441
4811 234475
4812 234519
4813 234563
4814 234596
4815 234640
4816 234684
4817 234728
4818 234772
4819 234817
4820 234850
4821 234894
4822 234927
4823 234960
4824 235004
4825 235037
4826 235070
4827 235103
4828 235137
4829 235170
4830 235214
4831 235247
4832 235291
4833 235324
4834 235368
4835 235412
4836 235456
4837 235489
4838 235522
4839 235555
4840 235599
4841 235632
4842 235665
4843 235698
4844 235731
4845 235764
4846 235808
4847 235841
4848 235874
4849 235918
4850 235962
4851 236006
4852 236050
4853 236095
4854 236139
4855 236183
4856 236227
4857 236271
4858 236304
4859 236337
4860 236381
4861 236414
4862 236447
4863 236480
4864 236524
4865 236557
4866 236601
4867 236635
4868 236679
4869 236723
4870 236756
4871 236800
4872 236833
4873 236877
4874 236921
4875 236965
4876 236998
4877 237031
4878 237064
4879 237097
4880 237141
4881 237185
4882 237218
4883 237262
4884 237306
4885 237350
4886 237383
4887 237427
4888 237460
4889 237504
4890 237537
4891 237582
4892 237626
4893 237659
4894 237692
4895 237725
4896 237769
4897 237802
4898 237846
4899 237879
4900 237923
4901 237956
4902 238000
4903 238044
4904 238078
4905 238123
4906 238156
4907 238189
4908 238222
4909 238266
4910 238310
4911 238354
4912 238387
4913 238431
4914 238475
4915 238508
4916 238541
4917 238586
4918 238631
4919 238675
4920 238708
4921 238752
4922 238796
4923 238840
4924 238884
4925 238917
4926 238961
4927 239005
4928 239049
4929 239082
4930 239115
4931 239159
4932 239193
4933 239237
4934 239281
4935 239325
4936 239358
4937 239402
4938 239446
4939 239479
4940 239512
4941 239556
4942 239589
4943 239633
4944 239677
4945 239710
4946 239754
4947 239798
4948 239831
4949 239864
4950 239897
4951 239930
4952 239963
4953 239996
4954 240040
4955 240084
4956 240128
4957 240173
4958 240217
4959 240250
4960 240294
4961 240327
4962 240371
4963 240415
4964 240459
4965 240503
4966 240547
4967 240580
4968 240613
4969 240646
4970 240679
4971 240712
4972 240745
4973 240778
4974 240811
4975 240855
4976 240888
4977 240932
4978 240965
4979 240999
4980 241043
4981 241088
4982 241132
4983 241165
4984 241209
4985 241242
4986 241286
4987 241319
4988 241352
4989 241385
4990 241418
4991 241451
4992 241495
4993 241539
4994 241583
4995 241627
4996 241660
4997 241693
4998 241737
4999 241781
5000 241825
5001 241858
5002 241902
5003 241935
5004 241968
5005 242001
5006 242045
5007 242078
5008 242122
5009 242166
5010 242199
5011 242243
5012 242276
5013 242321
5014 242365
5015 242409
5016 242442
5017 242475
5018 242508
5019 242552
5020 242585
5021 242629
5022 242673
5023 242706
5024 242750
5025 242783
5026 242816
5027 242849
5028 242882
5029 242926
5030 242970
5031 243015
5032 243049
5033 243094
5034 243138
5035 243171
5036 243215
5037 243248
5038 243281
5039 243325
5040 243369
5041 243413
5042 243446
5043 243479
5044 243523
5045 243567
5046 243611
5047 243644
5048 243688
5049 243732
5050 243776
5051 243809
5052 243853
5053 243897
5054 243942
5055 243986
5056 244030
5057 244063
5058 244107
5059 244140
5060 244184
5061 244217
5062 244261
5063 244305
5064 244338
5065 244371
5066 244415
5067 244448
5068 244493
5069 244526
5070 244570
5071 244603
5072 244647
5073 244680
5074 244724
5075 244768
5076 244813
5077 244857
5078 244890
5079 244923
5080 255680
5081 255713
5082 255757
5083 255801
5084 255835
5085 255868
5086 255901
5087 255934
5088 255967
5089 256000
5090 256045
5091 256089
5092 256133
5093 256166
5094 256254
5095 256299
5096 256343
5097 256387
5098 256420
5099 256464
5100 256509
5101 256542
5102 256575
5103 256619
5104 256663
5105 256696
5106 256729
5107 256773
5108 256806
5109 256850
5110 256883
5111 256927
5112 256960
5113 257004
5114 257037
5115 257081
5116 257125
5117 257158
5118 257191
5119 257235
5120 257268
5121 257301
5122 257345
5123 257378
5124 257422
5125 257466
5126 257499
5127 257543
5128 257576
5129 257609
5130 257653
5131 257697
5132 257742
5133 257786
5134 257830
5135 257863
5136 257907
5137 257951
5138 257995
5139 258028
5140 258061
5141 258105
5142 258149
5143 258193
5144 258237
5145 258282
5146 258326
5147 258370
5148 258414
5149 258447
5150 258491
5151 258535
5152 258568
5153 258613
5154 258657
5155 258701
5156 258734
5157 258778
5158 258822
5159 258866
5160 258910
5161 258943
5162 258987
5163 259031
5164 259064
5165 259097
5166 259130
5167 259163
5168 259207
5169 259240
5170 259284
5171 259328
5172 259372
5173 259405
5174 259449
5175 259493
5176 259526
5177 259570
5178 259603
5179 259637
5180 259681
5181 259725
5182 259769
5183 259813
5184 259857
5185 259890
5186 259934
5187 259978
5188 260012
5189 260056
5190 260089
5191 260123
5192 260156
5193 260200
5194 260244
5195 260288
5196 260332
5197 260365
5198 260398
5199 260442
5200 260486
5201 260530
5202 260574
5203 260618
5204 260651
5205 260695
5206 260739
5207 260783
5208 260827
5209 260860
5210 260904
5211 260948
5212 260981
5213 261025
5214 261069
5215 261113
5216 261157
5217 261201
5218 261234
5219 261267
5220 261311
5221 261355
5222 261399
5223 261432
5224 261476
5225 261509
5226 261554
5227 261598
5228 261631
5229 261664
5230 261708
5231 261752
5232 261796
5233 261840
5234 261873
5235 261906
5236 261939
5237 261972
5238 262005
5239 262038
5240 262082
5241 262115
5242 262149
5243 262182
5244 262226
5245 262259
5246 262292
5247 262336
5248 262369
5249 262413
5250 262457
5251 262490
5252 262524
5253 262568
5254 262612
5255 262656
5256 262700
5257 262733
5258 262766
5259 262799
5260 262832
5261 262876
5262 262920
5263 262964
5264 263008
5265 263041
5266 263074
5267 263107
5268 263140
5269 263173
5270 263206
5271 263239
5272 263283
5273 263316
5274 263349
5275 263382
5276 263415
5277 263459
5278 263503
5279 263536
5280 263580
5281 263613
5282 263657
5283 263701
5284 263745
5285 263790
5286 263834
5287 263878
5288 263922
5289 263966
5290 264010
5291 264054
5292 264087
5293 264120
5294 264164
5295 264197
5296 264230
5297 264263
5298 264307
5299 264340
5300 264385
5301 264418
5302 264517
5303 264550
5304 264594
5305 264627
5306 264671
5307 264715
5308 264748
5309 264792
5310 264825
5311 264858
5312 264891
5313 264935
5314 264968
5315 265002
5316 265035
5317 265079
5318 265112
5319 265145
5320 265189
5321 265233
5322 265277
5323 265310
5324 265355
5325 265399
5326 265443
5327 265476
5328 265521
5329 265565
5330 265609
5331 265642
5332 265686
5333 265730
5334 265763
5335 265807
5336 265840
5337 265884
5338 265928
5339 265973
5340 266017
5341 266061
5342 266105
5343 266150
5344 266194
5345 266227
5346 266271
5347 266304
5348 266337
5349 266381
5350 266414
5351 266458
5352 266491
5353 266535
5354 266568
5355 266601
5356 266645
5357 266689
5358 266734
5359 266778
5360 266811
5361 266844
5362 266888
5363 266921
5364 266965
5365 266998
5366 267031
5367 267075
5368 267108
5369 267153
5370 267197
5371 267241
5372 267285
5373 267329
5374 267373
5375 267417
5376 267462
5377 267495
5378 267539
5379 267572
5380 267605
5381 267649
5382 267693
5383 267737
5384 267781
5385 267825
5386 267859
5387 267903
5388 267947
5389 267991
5390 268024
5391 268069
5392 268113
5393 268146
5394 268179
5395 268223
5396 268267
5397 268311
5398 268355
5399 268399
5400 268432
5401 268476
5402 268520
5403 268565
5404 268609
5405 268642
5406 268675
5407 268708
5408 268741
5409 268774
5410 268807
5411 268840
5412 268873
5413 268917
5414 268961
5415 269005
5416 269038
5417 269082
5418 269126
5419 269159
5420 269203
5421 269236
5422 269280
5423 269324
5424 269368
5425 269401
5426 269445
5427 269478
5428 269511
5429 269544
5430 269588
5431 269622
5432 269666
5433 269699
5434 269743
5435 269777
5436 269821
5437 269854
5438 269899
5439 269943
5440 269987
5441 270020
5442 270064
5443 270109
5444 270153
5445 270197
5446 270241
5447 270275
5448 270308
5449 270352
5450 270396
5451 270440
5452 270484
5453 270529
5454 270573
5455 270606
5456 270650
5457 270683
5458 270716
5459 270760
5460 270793
5461 270826
5462 270870
5463 270914
5464 270947
5465 270980
5466 271013
5467 271057
5468 271101
5469 271134
5470 271179
5471 271212
5472 271245
5473 271278
5474 271312
5475 271345
5476 271389
5477 271433
5478 271477
5479 271521
5480 271566
5481 271599
5482 271643
5483 271676
5484 271709
5485 271742
5486 271787
5487 271820
5488 271864
5489 271897
5490 271941
5491 271985
5492 272029
5493 272073
5494 272117
5495 272150
5496 272183
5497 272228
5498 272261
5499 272305
5500 272338
5501 272371
5502 272415
5503 272448
5504 272481
5505 272525
5506 272569
5507 272602
5508 272646
5509 272691
5510 272724
5511 272757
5512 272790
5513 272834
5514 272867
5515 272900
5516 272933
5517 272966
5518 273010
5519 273044
5520 273077
5521 273110
5522 273144
5523 273177
5524 273221
5525 273265
5526 273309
5527 273342
5528 273375
5529 273419
5530 273452
5531 273496
5532 273529
5533 273562
5534 273595
5535 273628
5536 273661
5537 273705
5538 273749
5539 273793
5540 273837
5541 273870
5542 273903
5543 273947
5544 273991
5545 274035
5546 274079
5547 274123
5548 274167
5549 274211
5550 274244
5551 274277
5552 274321
5553 274365
5554 274398
5555 274431
5556 274464
5557 274508
5558 274552
5559 274585
5560 274629
5561 274673
5562 274717
5563 274761
5564 274805
5565 274849
5566 274882
5567 274926
5568 274959
5569 275003
5570 275047
5571 275080
5572 275113
5573 275146
5574 275191
5575 275224
5576 275257
5577 275290
5578 275334
5579 275378
5580 275422
5581 275467
5582 275511
5583 275555
5584 275599
5585 275632
5586 275676
5587 275720
5588 275764
5589 275808
5590 275841
5591 275885
5592 275929
5593 275962
5594 276006
5595 276039
5596 276072
5597 276105
5598 276138
5599 276182
5600 276215
5601 276259
5602 276292
5603 276325
5604 276358
5605 276391
5606 276435
5607 276479
5608 276512
5609 276556
5610 276600
5611 276633
5612 276677
5613 276721
5614 276765
5615 276809
5616 276853
5617 276897
5618 276941
5619 276985
5620 277029
5621 277073
5622 277117
5623 277150
5624 277194
5625 277238
5626 277282
5627 277326
5628 277360
5629 277393
5630 277437
5631 277481
5632 277525
5633 277569
5634 277613
5635 277646
5636 277690
5637 277734
5638 277778
5639 277822
5640 277866
5641 277900
5642 277944
5643 277977
5644 278021
5645 278065
5646 278109
5647 278153
5648 278197
5649 278242
5650 278275
5651 278319
5652 278352
5653 278396
5654 278440
5655 278473
5656 278506
5657 278550
5658 278594
5659 278638
5660 278671
5661 278704
5662 278748
5663 278781
5664 278825
5665 278858
5666 278902
5667 278935
5668 278979
5669 279024
5670 279057
5671 279101
5672 279134
5673 279167
5674 279211
5675 279255
5676 279289
5677 279333
5678 279366
5679 279410
5680 279443
5681 279487
5682 279520
5683 279564
5684 279608
5685 279641
5686 279685
5687 279718
5688 279751
5689 279795
5690 279839
5691 279872
5692 279916
5693 279960
5694 279993
5695 280026
5696 280059
5697 280092
5698 280136
5699 280169
5700 280202
5701 280246
5702 280279
5703 280323
5704 280356
5705 280400
5706 280433
5707 280477
5708 280521
5709 280565
5710 280599
5711 280632
5712 280665
5713 280709
5714 280742
5715 280786
5716 280820
5717 280864
5718 280908
5719 280941
5720 280974
5721 281007
5722 281051
5723 281084
5724 281129
5725 281174
5726 281218
5727 281262
5728 281306
5729 281350
5730 281383
5731 281427
5732 281460
5733 281504
5734 281549
5735 281582
5736 281615
5737 281659
5738 281692
5739 281736
5740 281780
5741 281824
5742 281868
5743 281912
5744 281956
5745 281989
5746 282022
5747 282055
5748 282099
5749 282132
5750 282165
5751 282209
5752 282253
5753 282297
5754 282330
5755 282363
5756 282407
5757 282440
5758 282484
5759 282528
5760 282561
5761 282594
5762 282627
5763 282671
5764 282705
5765 282738
5766 282782
5767 282815
5768 282848
5769 282881
5770 282914
5771 282958
5772 283002
5773 283046
5774 283079
5775 283123
5776 283167
5777 283211
5778 283255
5779 283299
5780 283343
5781 283376
5782 283409
5783 283453
5784 283486
5785 283530
5786 283574
5787 283618
5788 283662
5789 283695
5790 283728
5791 283772
5792 283816
5793 283849
5794 283882
5795 283915
5796 283948
5797 283982
5798 284015
5799 284048
5800 284092
5801 284125
5802 284169
5803 284202
5804 284235
5805 284268
5806 284301
5807 284345
5808 284378
5809 284422
5810 284466
5811 284499
5812 284543
5813 284642
5814 284676
5815 284709
5816 284743
5817 284776
5818 284820
5819 284853
5820 284886
5821 284930
5822 284974
5823 285018
5824 285051
5825 285095
5826 285128
5827 285173
5828 285218
5829 285262
5830 285306
5831 285350
5832 285383
5833 285427
5834 285471
5835 285515
5836 285548
5837 285592
5838 285625
5839 285669
5840 285713
5841 285757
5842 285790
5843 285834
5844 285878
5845 285911
5846 285955
5847 285999
5848 286032
5849 286065
5850 286098
5851 286142
5852 286186
5853 286230
5854 286274
5855 286318
5856 286362
5857 286395
5858 286440
5859 286473
5860 286517
5861 286550
5862 286583
5863 286627
5864 286660
5865 286704
5866 286748
5867 286792
5868 286837
5869 286870
5870 286914
5871 286958
5872 287002
5873 287046
5874 287090
5875 287123
5876 287167
5877 287200
5878 287233
5879 287277
5880 287310
5881 287354
5882 287387
5883 287431
5884 287464
5885 287497
5886 287530
5887 287564
5888 287608
5889 287641
5890 287674
5891 287707
5892 287751
5893 287795
5894 287839
5895 287883
5896 287927
5897 287960
5898 288004
5899 288049
5900 288093
5901 288137
5902 288181
5903 288214
5904 288258
5905 288302
5906 288335
5907 288379
5908 288412
5909 288456
5910 288501
5911 288534
5912 288567
5913 288611
5914 288644
5915 288677
5916 288710
5917 288743
5918 288776
5919 288821
5920 288866
5921 288899
5922 288932
5923 288976
5924 289020
5925 289053
5926 289097
5927 289141
5928 289174
5929 289207
5930 289240
5931 289284
5932 289328
5933 289361
5934 289405
5935 289438
5936 289482
5937 289515
5938 289548
5939 289592
5940 289636
5941 289669
5942 289713
5943 289757
5944 289790
5945 289834
5946 289878
5947 289911
5948 289944
5949 289977
5950 290021
5951 290065
5952 290098
5953 290131
5954 290164
5955 290197
5956 290241
5957 290285
5958 290329
5959 290362
5960 290406
5961 290439
5962 290472
5963 290505
5964 290538
5965 290571
5966 290615
5967 290659
5968 290703
5969 290747
5970 290791
5971 290824
5972 290869
5973 290913
5974 290957
5975 291001
5976 291034
5977 291078
5978 291111
5979 291166
5980 291210
5981 291254
5982 291309
5983 291354
5984 291398
5985 291442
5986 291486
5987 291563
5988 291596
5989 291640
5990 291695
5991 291739
5992 291783
5993 291871
5994 291915
5995 291992
5996 292047
5997 292102
5998 292146
5999 292201
6000 292245
6001 292289
6002 292333
6003 292388
6004 292432
6005 292476
6006 292520
6007 292564
6008 292641
6009 292685
6010 292729
6011 292773
6012 292806
6013 292839
6014 292872
6015 292916
6016 292949
6017 292993
6018 293026
6019 293115
6020 293193
6021 293248
6022 293292
6023 293325
6024 293403
6025 293447
6026 293690
6027 293745
6028 293790
6029 293834
6030 293878
6031 293922
6032 293966
6033 294010
6034 294054
6035 294098
6036 294142
6037 294186
6038 294219
6039 294263
6040 294307
6041 294351
6042 294384
6043 294428
6044 294472
6045 294505
6046 294549
6047 294593
6048 294637
6049 294670
6050 294714
6051 294747
6052 294791
6053 294835
6054 294879
6055 294923
6056 294967
6057 295000
6058 295044
6059 295078
6060 295122
6061 295166
6062 295199
6063 295243
6064 295276
6065 295320
6066 295364
6067 295408
6068 295441
6069 295474
6070 295507
6071 295540
6072 295584
6073 295628
6074 295661
6075 295705
6076 295750
6077 295783
6078 295827
6079 295871
6080 295937
6081 295992
6082 296036
6083 296069
6084 296113
6085 296158
6086 296202
6087 296246
6088 296279
6089 296323
6090 296356
6091 296400
6092 296445
6093 296478
6094 296511
6095 296544
6096 296589
6097 296633
6098 296666
6099 296699
6100 296732
6101 296776
6102 296820
6103 296853
6104 301967
6105 302000
6106 302033
6107 302077
6108 302110
6109 302144
6110 302188
6111 302221
6112 302265
6113 302298
6114 302331
6115 302375
6116 302419
6117 302518
6118 302683
6119 302717
6120 302761
6121 302794
6122 302827
6123 302871
6124 302904
6125 302937
6126 302971
6127 303015
6128 303048
6129 303092
6130 303125
6131 303158
6132 303191
6133 303236
6134 303280
6135 303324
6136 303357
6137 303401
6138 303445
6139 303478
6140 303522
6141 303556
6142 303589
6143 303622
6144 303666
6145 303699
6146 303732
6147 303776
6148 303809
6149 303842
6150 303875
6151 303920
6152 303964
6153 304008
6154 304052
6155 304096
6156 304129
6157 304162
6158 304206
6159 304250
6160 304294
6161 304327
6162 304371
6163 304415
6164 304459
6165 304492
6166 304525
6167 304569
6168 304614
6169 304658
6170 304702
6171 304746
6172 304790
6173 304834
6174 304867
6175 304911
6176 304955
6177 304988
6178 305021
6179 305065
6180 305098
6181 305131
6182 305164
6183 305208
6184 305252
6185 305285
6186 305318
6187 305363
6188 305407
6189 305451
6190 305495
6191 305539
6192 305572
6193 305605
6194 305649
6195 305693
6196 305737
6197 305770
6198 305814
6199 305858
6200 305902
6201 305935
6202 305968
6203 306012
6204 306045
6205 306089
6206 306133
6207 306177
6208 306210
6209 306243
6210 306276
6211 306320
6212 306364
6213 306408
6214 306452
6215 306497
6216 306531
6217 306575
6218 306619
6219 306652
6220 306696
6221 306740
6222 306784
6223 306828
6224 306872
6225 306916
6226 306960
6227 307005
6228 307038
6229 307071
6230 307104
6231 307148
6232 307181
6233 307225
6234 307269
6235 307302
6236 307346
6237 307390
6238 307423
6239 307467
6240 307511
6241 307544
6242 307588
6243 307621
6244 307655
6245 307688
6246 307732
6247 307765
6248 307809
6249 307853
6250 307898
6251 307942
6252 307986
6253 308019
6254 308052
6255 308085
6256 308118
6257 308151
6258 308195
6259 308239
6260 308283
6261 308327
6262 308360
6263 308393
6264 308437
6265 308481
6266 308514
6267 308547
6268 308591
6269 308624
6270 308668
6271 308712
6272 308757
6273 308801
6274 308834
6275 308867
6276 308900
6277 308944
6278 308978
6279 309022
6280 309066
6281 309110
6282 309143
6283 309187
6284 309220
6285 309264
6286 309308
6287 309341
6288 309385
6289 309429
6290 309473
6291 309506
6292 309594
6293 309638
6294 309671
6295 309715
6296 309759
6297 309803
6298 309847
6299 309891
6300 309935
6301 309968
6302 310012
6303 310056
6304 310100
6305 310133
6306 310177
6307 310210
6308 310254
6309 310298
6310 310331
6311 310375
6312 310419
6313 310463
6314 310507
6315 310551
6316 310585
6317 310629
6318 310673
6319 310717
6320 310761
6321 310794
6322 310827
6323 310871
6324 310904
6325 310948
6326 310981
6327 311014
6328 311047
6329 311080
6330 311113
6331 311146
6332 311190
6333 311234
6334 311278
6335 311323
6336 311356
6337 311400
6338 311444
6339 311488
6340 311521
6341 311565
6342 311598
6343 311642
6344 311675
6345 311719
6346 311752
6347 311796
6348 311829
6349 311874
6350 311908
6351 311952
6352 311996
6353 312040
6354 312073
6355 312107
6356 312141
6357 312174
6358 312218
6359 312251
6360 312295
6361 312328
6362 312361
6363 312394
6364 312427
6365 312461
6366 312505
6367 312538
6368 312571
6369 312604
6370 312637
6371 312681
6372 312714
6373 312758
6374 312802
6375 312846
6376 312890
6377 312935
6378 312968
6379 313001
6380 313034
6381 313067
6382 313100
6383 313144
6384 313177
6385 313210
6386 313254
6387 313298
6388 313342
6389 313386
6390 313430
6391 313475
6392 313519
6393 313563
6394 313607
6395 313640
6396 313684
6397 313728
6398 313772
6399 313816
6400 313860
6401 313893
6402 313937
6403 313970
6404 314003
6405 314047
6406 314091
6407 314135
6408 314179
6409 314212
6410 314245
6411 314289
6412 314333
6413 314366
6414 314399
6415 314443
6416 314476
6417 314520
6418 314553
6419 314586
6420 314630
6421 314674
6422 314718
6423 314762
6424 314806
6425 314850
6426 314895
6427 314939
6428 315038
6429 315082
6430 315126
6431 315159
6432 315192
6433 315236
6434 315280
6435 315379
6436 315434
6437 315478
6438 315522
6439 315577
6440 315621
6441 315665
6442 315709
6443 315742
6444 315775
6445 315808
6446 315841
6447 315885
6448 315929
6449 315973
6450 316017
6451 316051
6452 316095
6453 316139
6454 316172
6455 316205
6456 316249
6457 316282
6458 316315
6459 316359
6460 316404
6461 316448
6462 316492
6463 316536
6464 316580
6465 316613
6466 316657
6467 316691
6468 316735
6469 316779
6470 316823
6471 316867
6472 316901
6473 316934
6474 316967
6475 317011
6476 317044
6477 317088
6478 317121
6479 317154
6480 317198
6481 317242
6482 317287
6483 317331
6484 317364
6485 317397
6486 317441
6487 317474
6488 317519
6489 317563
6490 317607
6491 317651
6492 317684
6493 317717
6494 317762
6495 317806
6496 317850
6497 317895
6498 317939
6499 317972
6500 318005
6501 318049
6502 318082
6503 318126
6504 318170
6505 318203
6506 318236
6507 318270
6508 318314
6509 318347
6510 318391
6511 318435
6512 318479
6513 318512
6514 318556
6515 318589
6516 318622
6517 318666
6518 318700
6519 318733
6520 318777
6521 318821
6522 318854
6523 318899
6524 318933
6525 318977
6526 319021
6527 319065
6528 319109
6529 319142
6530 319186
6531 319219
6532 319252
6533 319285
6534 319329
6535 319373
6536 319406
6537 319450
6538 319494
6539 319538
6540 319582
6541 319615
6542 319659
6543 319692
6544 319725
6545 319769
6546 319813
6547 319846
6548 319890
6549 319923
6550 319967
6551 320011
6552 320055
6553 320099
6554 320132
6555 320165
6556 320209
6557 320242
6558 320275
6559 320319
6560 320363
6561 320396
6562 320430
6563 320474
6564 320518
6565 320551
6566 320595
6567 320639
6568 320672
6569 320705
6570 320738
6571 320782
6572 320815
6573 320848
6574 320881
6575 320914
6576 320958
6577 320991
6578 321024
6579 321068
6580 321101
6581 321134
6582 321167
6583 321211
6584 321244
6585 321277
6586 321321
6587 321354
6588 321398
6589 321442
6590 321475
6591 321519
6592 321563
6593 321607
6594 321640
6595 321673
6596 321706
6597 321750
6598 321794
6599 321828
6600 321872
6601 321916
6602 321960
6603 322004
6604 322048
6605 322092
6606 322136
6607 322180
6608 322224
6609 322258
6610 322302
6611 322346
6612 322390
6613 322423
6614 322468
6615 322512
6616 322556
6617 322600
6618 322633
6619 322666
6620 322699
6621 322743
6622 322776
6623 322809
6624 322853
6625 322886
6626 322919
6627 322952
6628 322985
6629 323029
6630 323073
6631 323117
6632 323150
6633 323183
6634 323227
6635 323260
6636 323293
6637 323337
6638 323381
6639 323425
6640 323469
6641 323513
6642 323557
6643 323590
6644 323634
6645 323678
6646 323711
6647 323744
6648 323777
6649 323821
6650 323854
6651 323898
6652 323931
6653 323965
6654 324009
6655 324053
6656 324097
6657 324141
6658 324174
6659 324218
6660 324251
6661 324284
6662 324329
6663 324362
6664 324395
6665 324439
6666 324483
6667 324528
6668 324561
6669 324605
6670 324638
6671 324671
6672 324715
6673 324748
6674 324781
6675 324825
6676 324869
6677 324914
6678 324947
6679 324991
6680 325024
6681 325057
6682 325090
6683 325123
6684 325167
6685 325200
6686 325233
6687 325266
6688 325299
6689 325332
6690 325376
6691 325409
6692 325442
6693 325486
6694 325530
6695 325574
6696 325618
6697 325662
6698 325706
6699 325739
6700 325783
6701 325827
6702 325871
6703 325916
6704 325949
6705 325982
6706 326026
6707 326070
6708 326103
6709 326148
6710 326192
6711 326236
6712 326280
6713 326313
6714 326347
6715 326391
6716 326435
6717 326479
6718 326523
6719 326567
6720 326611
6721 326656
6722 326700
6723 326733
6724 326766
6725 326810
6726 326843
6727 326876
6728 326909
6729 326953
6730 326997
6731 327041
6732 327085
6733 327129
6734 327173
6735 327206
6736 327250
6737 327294
6738 327327
6739 327360
6740 327404
6741 327448
6742 327493
6743 327526
6744 327570
6745 327614
6746 327658
6747 327702
6748 327746
6749 327779
6750 327812
6751 327856
6752 327889
6753 327933
6754 327977
6755 328010
6756 328043
6757 328142
6758 328186
6759 328230
6760 328263
6761 328296
6762 328329
6763 328362
6764 328395
6765 328428
6766 328472
6767 328516
6768 328549
6769 328593
6770 328626
6771 328670
6772 328714
6773 328759
6774 328803
6775 328847
6776 328880
6777 328924
6778 328968
6779 329001
6780 329045
6781 329089
6782 329133
6783 329166
6784 329265
6785 329309
6786 329353
6787 329386
6788 329419
6789 329463
6790 329497
6791 329541
6792 329585
6793 329618
6794 329651
6795 329695
6796 329739
6797 329772
6798 329805
6799 329838
6800 329883
6801 329927
6802 329971
6803 330015
6804 330048
6805 330092
6806 330136
6807 330169
6808 330213
6809 330246
6810 330279
6811 330312
6812 330357
6813 330390
6814 330423
6815 330467
6816 330511
6817 330555
6818 330599
6819 330643
6820 330676
6821 330720
6822 330753
6823 330797
6824 330830
6825 330864
6826 330897
6827 330941
6828 330974
6829 331007
6830 331040
6831 331073
6832 331117
6833 331161
6834 331205
6835 331238
6836 331282
6837 331326
6838 331370
6839 331414
6840 331458
6841 331491
6842 331535
6843 331579
6844 331612
6845 331645
6846 331678
6847 331711
6848 331744
6849 331777
6850 331821
6851 331865
6852 331909
6853 331953
6854 331997
6855 332041
6856 332085
6857 332129
6858 332162
6859 332195
6860 332228
6861 332261
6862 332305
6863 332349
6864 332393
6865 332426
6866 332459
6867 332503
6868 332536
6869 332580
6870 332613
6871 332646
6872 332679
6873 332723
6874 332767
6875 332800
6876 332833
6877 332877
6878 332910
6879 332943
6880 332987
6881 333031
6882 333064
6883 333108
6884 333152
6885 333185
6886 333218
6887 333251
6888 333284
6889 333317
6890 333350
6891 333394
6892 333438
6893 333482
6894 333526
6895 333570
6896 333614
6897 333659
6898 333692
6899 333736
6900 333780
6901 333813
6902 333846
6903 333890
6904 333923
6905 333967
6906 334000
6907 334044
6908 334088
6909 334132
6910 334177
6911 334221
6912 334254
6913 334287
6914 334331
6915 334375
6916 334408
6917 334452
6918 334485
6919 334529
6920 334573
6921 334617
6922 334650
6923 334694
6924 334727
6925 334771
6926 334815
6927 334848
6928 334881
6929 334925
6930 334958
6931 334991
6932 335035
6933 335080
6934 335125
6935 335158
6936 335191
6937 335235
6938 335279
6939 335323
6940 335368
6941 335401
6942 335445
6943 335489
6944 335522
6945 335566
6946 335610
6947 335655
6948 335688
6949 335721
6950 335765
6951 335809
6952 335842
6953 335875
6954 335908
6955 335941
6956 335974
6957 336007
6958 336040
6959 336073
6960 336117
6961 336150
6962 336194
6963 336227
6964 336271
6965 336304
6966 336348
6967 336392
6968 336436
6969 336524
6970 336557
6971 336602
6972 336646
6973 336679
6974 336724
6975 336768
6976 336812
6977 336856
6978 336889
6979 336922
6980 336966
6981 337010
6982 337054
6983 337098
6984 337132
6985 337176
6986 337220
6987 337264
6988 337308
6989 337352
6990 337396
6991 337429
6992 337473
6993 337506
6994 337540
6995 337585
6996 337618
6997 337662
6998 337706
6999 337739
7000 337783
7001 337827
7002 337871
7003 337915
7004 337948
7005 337992
7006 338036
7007 338069
7008 338102
7009 338146
7010 338190
7011 338223
7012 338256
7013 338300
7014 338345
7015 338389
7016 338433
7017 338477
7018 338521
7019 338554
7020 338598
7021 338632
7022 338676
7023 338709
7024 338742
7025 338786
7026 338819
7027 338852
7028 338896
7029 338940
7030 338984
7031 339028
7032 339062
7033 339106
7034 339150
7035 339194
7036 339238
7037 339282
7038 339326
7039 339359
7040 339403
7041 339436
7042 339469
7043 339502
7044 339535
7045 339580
7046 339613
7047 339657
7048 339690
7049 339734
7050 339767
7051 339800
7052 339833
7053 339877
7054 339921
7055 339965
7056 340009
7057 340042
7058 340086
7059 340119
7060 340152
7061 340185
7062 340218
7063 340251
7064 340295
7065 340328
7066 340372
7067 340405
7068 340438
7069 340482
7070 340515
7071 340559
7072 340592
7073 340625
7074 340658
7075 340702
7076 340746
7077 340790
7078 340824
7079 340857
7080 340890
7081 340934
7082 340978
7083 341022
7084 341055
7085 341099
7086 341132
7087 341165
7088 341209
7089 341253
7090 341286
7091 341330
7092 341374
7093 341419
7094 341463
7095 341496
7096 341529
7097 341563
7098 341596
7099 341640
7100 341673
7101 341706
7102 341750
7103 341784
7104 341829
7105 341862
7106 341895
7107 341928
7108 341961
7109 341994
7110 342027
7111 342071
7112 342115
7113 342159
7114 342192
7115 342236
7116 342281
7117 342314
7118 342347
7119 342391
7120 342435
7121 342468
7122 342513
7123 342557
7124 342601
7125 342634
7126 342667
7127 342701
7128 348178
7129 348211
7130 348244
7131 348277
7132 348310
7133 348354
7134 348398
7135 348431
7136 348475
7137 348508
7138 348541
7139 348585
7140 348619
7141 348663
7142 348707
7143 348751
7144 348795
7145 348828
7146 348872
7147 348905
7148 348938
7149 348972
7150 349005
7151 349049
7152 349093
7153 349126
7154 349170
7155 349214
7156 349258
7157 349291
7158 349324
7159 349357
7160 349390
7161 349423
7162 349456
7163 349500
7164 349544
7165 349577
7166 349621
7167 349665
7168 349698
7169 349742
7170 349786
7171 349830
7172 349863
7173 349908
7174 349941
7175 349974
7176 350007
7177 350051
7178 350084
7179 350117
7180 350150
7181 350194
7182 350238
7183 350282
7184 350326
7185 350359
7186 350393
7187 350437
7188 350470
7189 350514
7190 350559
7191 350603
7192 350647
7193 350680
7194 350724
7195 350757
7196 350801
7197 350834
7198 350878
7199 350911
7200 350955
7201 351000
7202 351033
7203 351066
7204 351110
7205 351143
7206 351176
7207 351209
7208 351253
7209 351286
7210 351330
7211 351374
7212 351407
7213 351451
7214 351496
7215 351540
7216 351573
7217 351617
7218 351661
7219 351706
7220 351750
7221 351794
7222 351838
7223 351882
7224 351915
7225 351959
7226 352003
7227 352036
7228 352069
7229 352113
7230 352146
7231 352190
7232 352234
7233 352278
7234 352322
7235 352366
7236 352410
7237 352454
7238 352498
7239 352542
7240 352586
7241 352630
7242 352663
7243 352707
7244 352740
7245 352773
7246 352817
7247 352861
7248 352905
7249 352949
7250 352993
7251 353026
7252 353071
7253 353115
7254 353159
7255 353192
7256 353236
7257 353280
7258 353313
7259 353357
7260 353401
7261 353445
7262 353489
7263 353522
7264 353566
7265 353610
7266 353654
7267 353699
7268 353732
7269 353776
7270 353809
7271 353842
7272 353875
7273 353919
7274 353963
7275 354007
7276 354051
7277 354096
7278 354129
7279 354162
7280 354206
7281 354250
7282 354283
7283 354327
7284 354360
7285 354404
7286 354437
7287 354536
7288 354569
7289 354613
7290 354657
7291 354701
7292 354745
7293 354778
7294 354811
7295 354855
7296 354899
7297 354943
7298 354976
7299 355020
7300 355053
7301 355097
7302 355141
7303 355174
7304 355218
7305 355262
7306 355306
7307 355351
7308 355384
7309 355417
7310 355461
7311 355494
7312 355538
7313 355582
7314 355627
7315 355660
7316 355693
7317 355726
7318 355771
7319 355815
7320 355859
7321 355903
7322 355947
7323 355980
7324 356024
7325 356057
7326 356090
7327 356123
7328 356167
7329 356211
7330 356244
7331 356277
7332 356310
7333 356354
7334 356398
7335 356442
7336 356486
7337 356520
7338 356564
7339 356608
7340 356652
7341 356685
7342 356729
7343 356762
7344 356795
7345 356839
7346 356883
7347 356916
7348 356960
7349 356993
7350 357026
7351 357070
7352 357114
7353 357159
7354 357204
7355 357248
7356 357281
7357 357325
7358 357369
7359 357413
7360 357457
7361 357501
7362 357534
7363 357567
7364 357600
7365 357644
7366 357688
7367 357721
7368 357765
7369 357809
7370 357853
7371 357886
7372 357919
7373 357963
7374 358007
7375 358040
7376 358073
7377 358117
7378 358161
7379 358194
7380 358238
7381 358271
7382 358315
7383 358359
7384 358392
7385 358436
7386 358481
7387 358525
7388 358569
7389 358613
7390 358657
7391 358701
7392 358734
7393 358778
7394 358822
7395 358855
7396 358899
7397 358943
7398 358987
7399 359031
7400 359064
7401 359097
7402 359141
7403 359185
7404 359229
7405 359273
7406 359317
7407 359361
7408 359405
7409 359449
7410 359493
7411 359526
7412 359570
7413 359603
7414 359636
7415 359680
7416 359724
7417 359757
7418 359801
7419 359845
7420 359889
7421 359933
7422 359966
7423 359999
7424 360043
7425 360076
7426 360109
7427 360143
7428 360176
7429 360220
7430 360253
7431 360286
7432 360319
7433 360352
7434 360385
7435 360418
7436 360462
7437 360506
7438 360550
7439 360583
7440 360628
7441 360672
7442 360716
7443 360749
7444 360793
7445 360826
7446 360870
7447 360914
7448 360958
7449 360991
7450 361035
7451 361068
7452 361101
7453 361134
7454 361178
7455 361211
7456 361245
7457 361278
7458 361311
7459 361355
7460 361399
7461 361444
7462 361488
7463 361532
7464 361576
7465 361620
7466 361664
7467 361697
7468 361730
7469 361774
7470 361807
7471 361851
7472 361884
7473 361917
7474 361950
7475 361983
7476 362016
7477 362060
7478 362104
7479 362137
7480 362182
7481 362226
7482 362259
7483 362292
7484 362380
7485 362424
7486 362457
7487 362490
7488 362523
7489 362556
7490 362589
7491 362633
7492 362666
7493 362699
7494 362743
7495 362776
7496 362820
7497 362853
7498 362886
7499 362930
7500 362974
7501 363007
7502 363040
7503 363073
7504 363106
7505 363140
7506 363173
7507 363217
7508 363250
7509 363294
7510 363327
7511 363371
7512 363415
7513 363448
7514 363492
7515 363536
7516 363580
7517 363613
7518 363657
7519 363690
7520 363734
7521 363778
7522 363822
7523 363867
7524 363900
7525 363933
7526 363977
7527 364021
7528 364054
7529 364098
7530 364131
7531 364164
7532 364197
7533 364230
7534 364274
7535 364318
7536 364351
7537 364396
7538 364440
7539 364473
7540 364517
7541 364561
7542 364605
7543 364638
7544 364671
7545 364704
7546 364748
7547 364792
7548 364825
7549 364869
7550 364902
7551 364946
7552 364979
7553 365012
7554 365056
7555 365089
7556 365133
7557 365177
7558 365210
7559 365254
7560 365298
7561 365331
7562 365365
7563 365398
7564 365431
7565 365464
7566 365497
7567 365541
7568 365575
7569 365608
7570 365652
7571 365696
7572 365740
7573 365784
7574 365828
7575 365872
7576 365916
7577 365949
7578 365982
7579 366026
7580 366070
7581 366103
7582 366136
7583 366180
7584 366224
7585 366257
7586 366302
7587 366346
7588 366379
7589 366412
7590 366456
7591 366489
7592 366522
7593 366566
7594 366599
7595 366633
7596 366666
7597 366699
7598 366732
7599 366765
7600 366798
7601 366831
7602 366875
7603 366908
7604 366942
7605 366976
7606 367020
7607 367053
7608 367097
7609 367141
7610 367185
7611 367229
7612 367273
7613 367317
7614 367361
7615 367405
7616 367450
7617 367483
7618 367527
7619 367560
7620 367604
7621 367648
7622 367692
7623 367736
7624 367780
7625 367824
7626 367868
7627 367912
7628 367957
7629 368001
7630 368045
7631 368089
7632 368133
7633 368166
7634 368199
7635 368243
7636 368276
7637 368309
7638 368353
7639 368397
7640 368441
7641 368475
7642 368519
7643 368552
7644 368585
7645 368629
7646 368673
7647 368717
7648 368750
7649 368794
7650 368828
7651 368861
7652 368894
7653 368938
7654 368982
7655 369015
7656 369048
7657 369081
7658 369125
7659 369169
7660 369213
7661 369257
7662 369301
7663 369334
7664 369367
7665 369400
7666 369433
7667 369466
7668 369510
7669 369554
7670 369598
7671 369642
7672 369675
7673 369719
7674 369763
7675 369807
7676 369840
7677 369885
7678 369929
7679 369962
7680 370006
7681 370050
7682 370083
7683 370116
7684 370149
7685 370182
7686 370216
7687 370260
7688 370304
7689 370348
7690 370392
7691 370425
7692 370458
7693 370502
7694 370546
7695 370590
7696 370623
7697 370667
7698 370711
7699 370744
7700 370788
7701 370832
7702 370876
7703 370920
7704 370964
7705 370997
7706 371042
7707 371086
7708 371119
7709 371152
7710 371185
7711 371218
7712 371251
7713 371284
7714 371328
7715 371372
7716 371416
7717 371449
7718 371482
7719 371526
7720 371571
7721 371616
7722 371660
7723 371693
7724 371726
7725 371759
7726 371803
7727 371848
7728 371892
7729 371925
7730 371958
7731 371991
7732 372024
7733 372068
7734 372112
7735 372157
7736 372201
7737 372234
7738 372267
7739 372300
7740 372344
7741 372388
7742 372432
7743 372476
7744 372520
7745 372564
7746 372608
7747 372652
7748 372696
7749 372740
7750 372784
7751 372828
7752 372861
7753 372905
7754 372938
7755 372982
7756 373015
7757 373059
7758 373103
7759 373147
7760 373191
7761 373236
7762 373280
7763 373313
7764 373346
7765 373379
7766 373412
7767 373457
7768 373501
7769 373545
7770 373589
7771 373633
7772 373677
7773 373710
7774 373743
7775 373776
7776 373809
7777 373854
7778 373887
7779 373931
7780 373964
7781 374063
7782 374107
7783 374152
7784 374196
7785 374240
7786 374284
7787 374317
7788 374361
7789 374405
7790 374438
7791 374471
7792 374516
7793 374560
7794 374604
7795 374648
7796 374692
7797 374736
7798 374769
7799 374802
7800 374835
7801 374868
7802 374901
7803 374934
7804 374967
7805 375011
7806 375055
7807 375088
7808 375121
7809 375154
7810 375198
7811 375242
7812 375275
7813 375320
7814 375364
7815 375408
7816 375441
7817 375486
7818 375530
7819 375563
7820 375596
7821 375629
7822 375673
7823 375706
7824 375739
7825 375772
7826 375805
7827 375849
7828 375893
7829 375937
7830 375970
7831 376014
7832 376047
7833 376080
7834 376124
7835 376157
7836 376190
7837 376234
7838 376267
7839 376300
7840 376344
7841 376377
7842 376422
7843 376455
7844 376488
7845 376521
7846 376566
7847 376610
7848 376643
7849 376687
7850 376731
7851 376764
7852 376808
7853 376853
7854 376897
7855 376941
7856 376985
7857 377029
7858 377062
7859 377106
7860 377150
7861 377183
7862 377227
7863 377260
7864 377293
7865 377337
7866 377381
7867 377414
7868 377447
7869 377480
7870 377524
7871 377568
7872 377601
7873 377645
7874 377689
7875 377733
7876 377766
7877 377799
7878 377843
7879 377888
7880 377921
7881 377965
7882 377998
7883 378042
7884 378075
7885 378108
7886 378152
7887 378197
7888 378230
7889 378274
7890 378318
7891 378362
7892 378395
7893 378439
7894 378472
7895 378516
7896 378560
7897 378593
7898 378626
7899 378670
7900 378703
7901 378736
7902 378769
7903 378802
7904 378846
7905 378879
7906 378923
7907 378967
7908 379001
7909 379034
7910 379067
7911 379111
7912 379155
7913 379199
7914 379232
7915 379276
7916 379309
7917 379353
7918 379397
7919 379441
7920 379485
7921 379530
7922 379574
7923 379607
7924 379640
7925 379673
7926 379706
7927 379739
7928 379773
7929 379806
7930 379850
7931 379883
7932 379927
7933 379960
7934 379994
7935 380038
7936 380071
7937 380115
7938 380148
7939 380192
7940 380236
7941 380269
7942 380302
7943 380335
7944 380368
7945 380412
7946 380457
7947 380501
7948 380545
7949 380578
7950 380622
7951 380666
7952 380699
7953 380732
7954 380765
7955 380809
7956 380853
7957 380886
7958 380930
7959 380974
7960 381018
7961 381062
7962 381095
7963 381139
7964 381172
7965 381216
7966 381260
7967 381293
7968 381337
7969 381381
7970 381425
7971 381469
7972 381513
7973 381557
7974 381590
7975 381634
7976 381678
7977 381711
7978 381755
7979 381788
7980 381832
7981 381865
7982 381909
7983 381954
7984 381987
7985 382032
7986 382065
7987 382098
7988 382142
7989 382175
7990 382208
7991 382241
7992 382285
7993 382318
7994 382362
7995 382406
7996 382450
7997 382494
7998 382538
7999 382582
8000 382626
8001 382659
8002 382692
8003 382736
8004 382769
8005 382813
8006 382857
8007 382901
8008 382934
8009 382978
8010 383022
8011 383055
8012 383088
8013 383121
8014 383154
8015 383187
8016 383231
8017 383275
8018 383320
8019 383353
8020 383386
8021 383430
8022 383463
8023 383508
8024 383541
8025 383574
8026 383607
8027 383651
8028 383695
8029 383728
8030 383761
8031 383805
8032 383838
8033 383882
8034 383927
8035 383971
8036 384004
8037 384048
8038 384092
8039 384137
8040 384170
8041 384214
8042 384247
8043 384291
8044 384324
8045 384357
8046 384401
8047 384434
8048 384467
8049 384511
8050 384555
8051 384600
8052 384644
8053 384688
8054 384721
8055 384754
8056 384787
8057 384831
8058 384864
8059 384908
8060 384941
8061 384974
8062 385018
8063 385051
8064 385095
8065 385128
8066 385172
8067 385216
8068 385249
8069 385293
8070 385327
8071 385360
8072 385393
8073 385437
8074 385481
8075 385515
8076 385548
8077 385581
8078 385625
8079 385658
8080 385702
8081 385746
8082 385779
8083 385812
8084 385856
8085 385889
8086 385922
8087 385966
8088 385999
8089 386043
8090 386076
8091 386120
8092 386164
8093 386197
8094 386230
8095 386274
8096 386307
8097 386351
8098 386395
8099 386439
8100 386472
8101 386505
8102 386549
8103 386582
8104 386615
8105 386648
8106 386692
8107 386725
8108 386769
8109 386813
8110 386846
8111 386890
8112 386923
8113 386956
8114 387000
8115 387034
8116 387078
8117 387122
8118 387166
8119 387210
8120 387243
8121 387276
8122 387309
8123 387353
8124 387397
8125 387430
8126 387463
8127 387508
8128 387552
8129 387596
8130 387629
8131 387673
8132 387706
8133 387750
8134 387794
8135 387838
8136 387871
8137 387904
8138 387948
8139 387981
8140 388026
8141 388070
8142 388114
8143 388147
8144 388191
8145 388235
8146 388279
8147 388323
8148 388357
8149 388401
8150 388445
8151 388489
8152 393283
8153 393327
8154 393371
8155 393415
8156 393459
8157 393503
8158 393536
8159 393569
8160 393613
8161 393646
8162 393690
8163 393723
8164 393767
8165 393811
8166 393855
8167 393899
8168 393943
8169 393976
8170 394020
8171 394064
8172 394108
8173 394152
8174 394185
8175 394218
8176 394262
8177 394306
8178 394339
8179 394372
8180 394405
8181 394438
8182 394482
8183 394515
8184 394559
8185 394592
8186 394625
8187 394658
8188 394702
8189 394735
8190 394779
8191 394812
8192 394845
8193 394878
8194 394911
8195 394944
8196 394988
8197 395032
8198 395065
8199 395098
8200 395142
8201 395186
8202 395230
8203 395263
8204 395296
8205 395329
8206 395373
8207 395406
8208 395439
8209 395484
8210 395517
8211 395561
8212 395594
8213 395638
8214 395671
8215 395715
8216 395748
8217 395792
8218 395825
8219 395858
8220 395902
8221 395946
8222 395979
8223 396023
8224 396067
8225 396111
8226 396144
8227 396177
8228 396221
8229 396265
8230 396309
8231 396354
8232 396398
8233 396442
8234 396486
8235 396564
8236 396608
8237 396652
8238 396696
8239 396740
8240 396784
8241 396817
8242 396861
8243 396894
8244 396938
8245 396971
8246 397015
8247 397059
8248 397103
8249 397136
8250 397169
8251 397213
8252 397246
8253 397279
8254 397312
8255 397356
8256 397400
8257 397433
8258 397477
8259 397521
8260 397565
8261 397609
8262 397653
8263 397697
8264 397730
8265 397774
8266 397818
8267 397851
8268 397884
8269 397917
8270 397961
8271 397994
8272 398038
8273 398082
8274 398126
8275 398170
8276 398214
8277 398248
8278 398281
8279 398314
8280 398358
8281 398391
8282 398424
8283 398468
8284 398501
8285 398578
8286 398611
8287 398644
8288 398688
8289 398721
8290 398766
8291 398799
8292 398832
8293 398865
8294 398898
8295 398942
8296 398986
8297 399030
8298 399074
8299 399118
8300 399151
8301 399196
8302 399229
8303 399262
8304 399306
8305 399339
8306 399383
8307 399416
8308 399449
8309 399482
8310 399526
8311 399570
8312 399603
8313 399648
8314 399692
8315 399725
8316 399758
8317 399802
8318 399846
8319 399879
8320 399912
8321 399956
8322 400000
8323 400033
8324 400066
8325 400110
8326 400154
8327 400198
8328 400231
8329 400275
8330 400308
8331 400352
8332 400396
8333 400429
8334 400473
8335 400517
8336 400561
8337 400605
8338 400638
8339 400671
8340 400715
8341 400748
8342 400792
8343 400837
8344 400881
8345 400925
8346 400969
8347 401013
8348 401057
8349 401090
8350 401135
8351 401168
8352 401212
8353 401256
8354 401289
8355 401333
8356 401366
8357 401410
8358 401454
8359 401498
8360 401542
8361 401575
8362 401619
8363 401663
8364 401696
8365 401729
8366 401762
8367 401795
8368 401839
8369 401883
8370 401927
8371 401971
8372 402004
8373 402037
8374 402081
8375 402125
8376 402169
8377 402213
8378 402246
8379 402279
8380 402323
8381 402357
8382 402390
8383 402434
8384 402467
8385 402512
8386 402556
8387 402589
8388 402622
8389 402667
8390 402711
8391 402755
8392 402799
8393 402843
8394 402876
8395 402920
8396 402954
8397 402987
8398 403031
8399 403065
8400 403109
8401 403142
8402 403175
8403 403219
8404 403263
8405 403307
8406 403351
8407 403395
8408 403439
8409 403472
8410 403505
8411 403538
8412 403571
8413 403615
8414 403648
8415 403692
8416 403736
8417 403769
8418 403813
8419 403857
8420 403890
8421 403934
8422 403979
8423 404023
8424 404067
8425 404100
8426 404133
8427 404177
8428 404221
8429 404255
8430 404288
8431 404332
8432 404365
8433 404398
8434 404431
8435 404476
8436 404509
8437 404542
8438 404575
8439 404619
8440 404664
8441 404708
8442 404752
8443 404796
8444 404840
8445 404884
8446 404928
8447 404972
8448 405016
8449 405049
8450 405093
8451 405137
8452 405170
8453 405215
8454 405259
8455 405292
8456 405336
8457 405381
8458 405414
8459 405458
8460 405491
8461 405524
8462 405557
8463 405601
8464 405634
8465 405678
8466 405722
8467 405755
8468 405799
8469 405832
8470 405876
8471 405909
8472 405954
8473 405987
8474 406031
8475 406075
8476 406108
8477 406153
8478 406186
8479 406219
8480 406263
8481 406307
8482 406340
8483 406384
8484 406428
8485 406461
8486 406495
8487 406528
8488 406561
8489 406594
8490 406638
8491 406682
8492 406726
8493 406759
8494 406792
8495 406836
8496 406880
8497 406913
8498 406947
8499 406991
8500 407035
8501 407068
8502 407112
8503 407145
8504 407189
8505 407233
8506 407277
8507 407321
8508 407354
8509 407387
8510 407431
8511 407475
8512 407519
8513 407563
8514 407596
8515 407640
8516 407685
8517 407718
8518 407751
8519 407795
8520 407839
8521 407872
8522 407905
8523 407938
8524 407982
8525 408026
8526 408059
8527 408092
8528 408136
8529 408180
8530 408224
8531 408268
8532 408301
8533 408334
8534 408378
8535 408422
8536 408466
8537 408499
8538 408543
8539 408576
8540 408609
8541 408653
8542 408697
8543 408730
8544 408774
8545 408818
8546 408851
8547 408895
8548 408940
8549 408984
8550 409018
8551 409051
8552 409084
8553 409117
8554 409161
8555 409205
8556 409238
8557 409271
8558 409304
8559 409337
8560 409381
8561 409414
8562 409458
8563 409491
8564 409536
8565 409569
8566 409613
8567 409657
8568 409701
8569 409746
8570 409790
8571 409834
8572 409878
8573 409922
8574 409966
8575 410010
8576 410054
8577 410087
8578 410132
8579 410176
8580 410220
8581 410253
8582 410297
8583 410330
8584 410374
8585 410407
8586 410451
8587 410484
8588 410517
8589 410561
8590 410594
8591 410627
8592 410660
8593 410694
8594 410738
8595 410782
8596 410815
8597 410848
8598 410881
8599 410914
8600 410958
8601 410991
8602 411024
8603 411068
8604 411112
8605 411145
8606 411179
8607 411223
8608 411256
8609 411289
8610 411333
8611 411377
8612 411410
8613 411455
8614 411488
8615 411532
8616 411565
8617 411609
8618 411653
8619 411686
8620 411730
8621 411763
8622 411807
8623 411840
8624 411884
8625 411928
8626 411961
8627 411994
8628 412027
8629 412072
8630 412116
8631 412149
8632 412182
8633 412215
8634 412249
8635 412282
8636 412326
8637 412370
8638 412403
8639 412436
8640 412469
8641 412502
8642 412535
8643 412568
8644 412612
8645 412656
8646 412700
8647 412734
8648 412767
8649 412811
8650 412855
8651 412899
8652 412932
8653 412976
8654 413021
8655 413054
8656 413098
8657 413142
8658 413186
8659 413231
8660 413275
8661 413308
8662 413352
8663 413385
8664 413429
8665 413462
8666 413506
8667 413550
8668 413594
8669 413627
8670 413671
8671 413704
8672 413749
8673 413793
8674 413826
8675 413870
8676 413915
8677 413948
8678 413992
8679 414036
8680 414080
8681 414113
8682 414157
8683 414190
8684 414234
8685 414278
8686 414322
8687 414355
8688 414388
8689 414421
8690 414465
8691 414498
8692 414531
8693 414575
8694 414608
8695 414652
8696 414696
8697 414740
8698 414784
8699 414828
8700 414861
8701 414905
8702 414938
8703 414971
8704 415015
8705 415059
8706 415103
8707 415147
8708 415180
8709 415213
8710 415257
8711 415290
8712 415334
8713 415379
8714 415412
8715 415456
8716 415500
8717 415533
8718 415577
8719 415621
8720 415665
8721 415698
8722 415742
8723 415775
8724 415808
8725 415841
8726 415874
8727 415907
8728 415951
8729 415984
8730 416018
8731 416051
8732 416095
8733 416139
8734 416172
8735 416205
8736 416249
8737 416282
8738 416315
8739 416360
8740 416404
8741 416448
8742 416492
8743 416536
8744 416569
8745 416602
8746 416646
8747 416690
8748 416734
8749 416767
8750 416812
8751 416856
8752 416900
8753 416933
8754 416966
8755 417010
8756 417054
8757 417087
8758 417131
8759 417175
8760 417208
8761 417252
8762 417296
8763 417329
8764 417373
8765 417406
8766 417439
8767 417483
8768 417527
8769 417571
8770 417604
8771 417692
8772 417725
8773 417769
8774 417802
8775 417835
8776 417868
8777 417912
8778 417945
8779 417978
8780 418011
8781 418055
8782 418088
8783 418132
8784 418165
8785 418209
8786 418254
8787 418354
8788 418387
8789 418431
8790 418464
8791 418508
8792 418552
8793 418586
8794 418630
8795 418674
8796 418718
8797 418751
8798 418795
8799 418839
8800 418872
8801 418916
8802 418949
8803 418982
8804 419027
8805 419060
8806 419104
8807 419148
8808 419181
8809 419225
8810 419258
8811 419291
8812 419324
8813 419368
8814 419412
8815 419445
8816 419489
8817 419533
8818 419566
8819 419610
8820 419654
8821 419699
8822 419743
8823 419787
8824 419831
8825 419875
8826 419920
8827 419953
8828 419997
8829 420041
8830 420074
8831 420118
8832 420162
8833 420206
8834 420239
8835 420283
8836 420316
8837 420349
8838 420393
8839 420426
8840 420459
8841 420493
8842 420537
8843 420581
8844 420614
8845 420647
8846 420691
8847 420735
8848 420768
8849 420812
8850 420856
8851 420900
8852 420944
8853 420977
8854 421010
8855 421055
8856 421088
8857 421132
8858 421165
8859 421209
8860 421242
8861 421275
8862 421320
8863 421353
8864 421386
8865 421419
8866 421463
8867 421496
8868 421529
8869 421573
8870 421617
8871 421650
8872 421683
8873 421727
8874 421772
8875 421816
8876 421860
8877 421904
8878 421948
8879 421981
8880 422026
8881 422070
8882 422103
8883 422147
8884 422191
8885 422235
8886 422279
8887 422323
8888 422367
8889 422411
8890 422455
8891 422499
8892 422543
8893 422587
8894 422620
8895 422653
8896 422697
8897 422741
8898 422785
8899 422818
8900 422862
8901 422895
8902 422939
8903 422983
8904 423028
8905 423072
8906 423105
8907 423138
8908 423171
8909 423215
8910 423260
8911 423304
8912 423348
8913 423392
8914 423436
8915 423480
8916 423525
8917 423569
8918 423613
8919 423646
8920 423679
8921 423712
8922 423745
8923 423778
8924 423822
8925 423866
8926 423910
8927 423943
8928 423988
8929 424032
8930 424065
8931 424098
8932 424132
8933 424165
8934 424209
8935 424242
8936 424275
8937 424319
8938 424352
8939 424385
8940 424418
8941 424462
8942 424495
8943 424529
8944 424573
8945 424606
8946 424639
8947 424672
8948 424716
8949 424760
8950 424804
8951 424848
8952 424881
8953 424925
8954 424959
8955 424992
8956 425036
8957 425080
8958 425124
8959 425157
8960 425202
8961 425235
8962 425279
8963 425323
8964 425356
8965 425401
8966 425434
8967 425478
8968 425522
8969 425566
8970 425599
8971 425632
8972 425665
8973 425709
8974 425742
8975 425786
8976 425830
8977 425874
8978 425918
8979 425962
8980 425995
8981 426039
8982 426072
8983 426116
8984 426160
8985 426193
8986 426237
8987 426270
8988 426303
8989 426337
8990 426381
8991 426425
8992 426458
8993 426502
8994 426546
8995 426591
8996 426635
8997 426679
8998 426723
8999 426767
9000 426811
9001 426845
9002 426879
9003 426912
9004 426945
9005 426978
9006 427022
9007 427055
9008 427088
9009 427132
9010 427176
9011 427209
9012 427242
9013 427286
9014 427330
9015 427374
9016 427407
9017 427451
9018 427495
9019 427539
9020 427583
9021 427616
9022 427649
9023 427693
9024 427737
9025 427781
9026 427814
9027 427858
9028 427891
9029 427935
9030 427979
9031 428012
9032 428045
9033 428078
9034 428112
9035 428157
9036 428201
9037 428245
9038 428289
9039 428333
9040 428377
9041 428410
9042 428455
9043 428488
9044 428521
9045 428554
9046 428587
9047 428631
9048 428675
9049 428708
9050 428741
9051 428785
9052 428829
9053 428873
9054 428906
9055 428950
9056 428994
9057 429038
9058 429082
9059 429126
9060 429170
9061 429203
9062 429236
9063 429280
9064 429313
9065 429346
9066 429379
9067 429412
9068 429456
9069 429500
9070 429544
9071 429577
9072 429610
9073 429655
9074 429699
9075 429743
9076 429787
9077 429820
9078 429853
9079 429898
9080 429931
9081 429975
9082 430019
9083 430052
9084 430096
9085 430129
9086 430174
9087 430207
9088 430251
9089 430284
9090 430328
9091 430361
9092 430394
9093 430438
9094 430482
9095 430515
9096 430548
9097 430592
9098 430658
9099 430725
9100 430758
9101 430791
9102 430824
9103 430857
9104 430901
9105 430945
9106 430989
9107 431022
9108 431066
9109 431111
9110 431155
9111 431188
9112 431232
9113 431265
9114 431309
9115 431342
9116 431387
9117 431421
9118 431454
9119 431498
9120 431531
9121 431564
9122 431597
9123 431630
9124 431675
9125 431708
9126 431752
9127 431796
9128 431840
9129 431884
9130 431929
9131 431973
9132 432017
9133 432050
9134 432083
9135 432127
9136 432171
9137 432216
9138 432249
9139 432293
9140 432326
9141 432370
9142 432403
9143 432447
9144 432491
9145 432524
9146 432568
9147 432601
9148 432634
9149 432667
9150 432711
9151 432756
9152 432789
9153 432833
9154 432866
9155 432910
9156 432954
9157 432998
9158 433031
9159 433075
9160 433119
9161 433164
9162 433208
9163 433252
9164 433296
9165 433340
9166 433384
9167 433428
9168 433461
9169 433505
9170 433538
9171 433582
9172 433615
9173 433659
9174 433703
9175 433736
9176 438553
9177 438597
9178 438641
9179 438685
9180 438718
9181 438751
9182 438796
9183 438829
9184 438873
9185 438906
9186 438939
9187 438972
9188 439005
9189 439038
9190 439071
9191 439115
9192 439159
9193 439204
9194 439237
9195 439281
9196 439314
9197 439347
9198 439391
9199 439435
9200 439479
9201 439524
9202 439568
9203 439613
9204 439657
9205 439701
9206 439745
9207 439789
9208 439833
9209 439877
9210 439921
9211 439954
9212 439998
9213 440042
9214 440086
9215 440119
9216 440163
9217 440196
9218 440229
9219 440262
9220 440295
9221 440339
9222 440372
9223 440416
9224 440460
9225 440493
9226 440526
9227 440570
9228 440604
9229 440637
9230 440681
9231 440714
9232 440758
9233 440791
9234 440835
9235 440880
9236 440913
9237 440957
9238 441001
9239 441045
9240 441089
9241 441122
9242 441166
9243 441199
9244 441243
9245 441276
9246 441309
9247 441342
9248 441386
9249 441430
9250 441475
9251 441508
9252 441541
9253 441585
9254 441629
9255 441662
9256 441695
9257 441729
9258 441762
9259 441806
9260 441850
9261 441894
9262 441938
9263 441982
9264 442026
9265 442071
9266 442115
9267 442159
9268 442203
9269 442236
9270 442280
9271 442325
9272 442369
9273 442413
9274 442457
9275 442501
9276 442545
9277 442578
9278 442622
9279 442666
9280 442710
9281 442755
9282 442799
9283 442843
9284 442876
9285 442920
9286 442964
9287 443009
9288 443053
9289 443097
9290 443141
9291 443185
9292 443229
9293 443273
9294 443317
9295 443350
9296 443383
9297 443482
9298 443516
9299 443560
9300 443604
9301 443637
9302 443670
9303 443703
9304 443736
9305 443769
9306 443813
9307 443857
9308 443901
9309 443945
9310 443989
9311 444022
9312 444056
9313 444100
9314 444133
9315 444177
9316 444221
9317 444266
9318 444310
9319 444354
9320 444398
9321 444442
9322 444475
9323 444508
9324 444541
9325 444574
9326 444607
9327 444651
9328 444695
9329 444740
9330 444773
9331 444817
9332 444850
9333 444883
9334 444916
9335 444960
9336 444993
9337 445026
9338 445070
9339 445114
9340 445158
9341 445202
9342 445246
9343 445279
9344 445323
9345 445367
9346 445401
9347 445434
9348 445478
9349 445522
9350 445566
9351 445610
9352 445643
9353 445687
9354 445731
9355 445775
9356 445808
9357 445852
9358 445885
9359 445918
9360 445951
9361 445984
9362 446018
9363 446062
9364 446106
9365 446150
9366 446183
9367 446227
9368 446260
9369 446293
9370 446337
9371 446370
9372 446414
9373 446458
9374 446491
9375 446536
9376 446580
9377 446624
9378 446668
9379 446701
9380 446745
9381 446789
9382 446833
9383 446877
9384 446921
9385 446954
9386 446987
9387 447020
9388 447064
9389 447097
9390 447141
9391 447174
9392 447207
9393 447240
9394 447284
9395 447328
9396 447361
9397 447405
9398 447449
9399 447482
9400 447526
9401 447570
9402 447603
9403 447647
9404 447680
9405 447724
9406 447757
9407 447801
9408 447834
9409 447878
9410 447922
9411 447955
9412 447999
9413 448043
9414 448076
9415 448109
9416 448153
9417 448198
9418 448231
9419 448275
9420 448319
9421 448363
9422 448396
9423 448440
9424 448484
9425 448528
9426 448572
9427 448605
9428 448649
9429 448693
9430 448737
9431 448770
9432 448814
9433 448858
9434 448891
9435 448935
9436 448979
9437 449023
9438 449067
9439 449111
9440 449155
9441 449199
9442 449243
9443 449287
9444 449320
9445 449353
9446 449387
9447 449421
9448 449465
9449 449509
9450 449553
9451 449597
9452 449641
9453 449674
9454 449718
9455 449762
9456 449795
9457 449839
9458 449883
9459 449916
9460 449949
9461 449982
9462 450015
9463 450059
9464 450104
9465 450148
9466 450192
9467 450225
9468 450269
9469 450302
9470 450335
9471 450368
9472 450412
9473 450456
9474 450500
9475 450544
9476 450578
9477 450622
9478 450667
9479 450711
9480 450755
9481 450799
9482 450843
9483 450887
9484 450931
9485 450975
9486 451008
9487 451053
9488 451087
9489 451131
9490 451164
9491 451208
9492 451241
9493 451274
9494 451318
9495 451362
9496 451406
9497 451450
9498 451494
9499 451527
9500 451572
9501 451616
9502 451649
9503 451682
9504 451726
9505 451759
9506 451803
9507 451836
9508 451880
9509 451924
9510 451968
9511 452013
9512 452046
9513 452090
9514 452134
9515 452178
9516 452212
9517 452256
9518 452300
9519 452345
9520 452389
9521 452422
9522 452455
9523 452488
9524 452532
9525 452576
9526 452620
9527 452653
9528 452697
9529 452730
9530 452774
9531 452818
9532 452851
9533 452895
9534 452939
9535 452972
9536 453005
9537 453049
9538 453082
9539 453126
9540 453159
9541 453203
9542 453236
9543 453269
9544 453313
9545 453357
9546 453401
9547 453434
9548 453467
9549 453511
9550 453555
9551 453588
9552 453621
9553 453654
9554 453698
9555 453742
9556 453786
9557 453830
9558 453863
9559 453907
9560 453951
9561 453995
9562 454039
9563 454073
9564 454106
9565 454139
9566 454183
9567 454216
9568 454260
9569 454304
9570 454348
9571 454392
9572 454437
9573 454481
9574 454514
9575 454547
9576 454591
9577 454624
9578 454658
9579 454702
9580 454746
9581 454790
9582 454834
9583 454867
9584 454900
9585 454944
9586 454977
9587 455010
9588 455054
9589 455098
9590 455142
9591 455186
9592 455219
9593 455263
9594 455307
9595 455351
9596 455384
9597 455428
9598 455472
9599 455505
9600 455549
9601 455594
9602 455638
9603 455671
9604 455704
9605 455738
9606 455782
9607 455815
9608 455848
9609 455881
9610 455925
9611 455969
9612 456002
9613 456035
9614 456068
9615 456101
9616 456145
9617 456178
9618 456222
9619 456255
9620 456299
9621 456343
9622 456376
9623 456409
9624 456453
9625 456486
9626 456519
9627 456563
9628 456596
9629 456629
9630 456673
9631 456717
9632 456761
9633 456794
9634 456839
9635 456883
9636 456927
9637 456971
9638 457004
9639 457048
9640 457081
9641 457114
9642 457158
9643 457203
9644 457247
9645 457291
9646 457324
9647 457357
9648 457401
9649 457446
9650 457490
9651 457523
9652 457567
9653 457611
9654 457655
9655 457688
9656 457721
9657 457766
9658 457799
9659 457843
9660 457876
9661 457920
9662 457964
9663 457997
9664 458030
9665 458074
9666 458119
9667 458163
9668 458207
9669 458240
9670 458273
9671 458318
9672 458351
9673 458384
9674 458417
9675 458450
9676 458494
9677 458528
9678 458561
9679 458605
9680 458649
9681 458693
9682 458737
9683 458781
9684 458825
9685 458858
9686 458902
9687 458946
9688 458990
9689 459035
9690 459079
9691 459123
9692 459156
9693 459189
9694 459222
9695 459256
9696 459300
9697 459344
9698 459388
9699 459432
9700 459477
9701 459511
9702 459555
9703 459599
9704 459643
9705 459676
9706 459709
9707 459742
9708 459786
9709 459819
9710 459863
9711 459907
9712 459951
9713 459995
9714 460028
9715 460061
9716 460095
9717 460128
9718 460172
9719 460205
9720 460249
9721 460282
9722 460326
9723 460370
9724 460414
9725 460459
9726 460492
9727 460525
9728 460569
9729 460602
9730 460646
9731 460691
9732 460735
9733 460779
9734 460812
9735 460845
9736 460878
9737 460922
9738 460955
9739 460988
9740 461021
9741 461054
9742 461087
9743 461131
9744 461175
9745 461208
9746 461252
9747 461296
9748 461340
9749 461384
9750 461417
9751 461461
9752 461505
9753 461549
9754 461582
9755 461615
9756 461659
9757 461703
9758 461747
9759 461791
9760 461835
9761 461879
9762 461912
9763 461956
9764 461989
9765 462022
9766 462055
9767 462088
9768 462121
9769 462154
9770 462198
9771 462231
9772 462265
9773 462309
9774 462353
9775 462386
9776 462419
9777 462452
9778 462496
9779 462540
9780 462584
9781 462617
9782 462661
9783 462705
9784 462749
9785 462793
9786 462837
9787 462870
9788 462914
9789 462947
9790 462980
9791 463024
9792 463068
9793 463101
9794 463146
9795 463190
9796 463223
9797 463256
9798 463300
9799 463344
9800 463388
9801 463421
9802 463454
9803 463487
9804 463531
9805 463564
9806 463608
9807 463641
9808 463686
9809 463730
9810 463818
9811 463862
9812 463906
9813 463951
9814 463995
9815 464028
9816 464061
9817 464094
9818 464138
9819 464171
9820 464204
9821 464248
9822 464292
9823 464336
9824 464369
9825 464413
9826 464457
9827 464501
9828 464545
9829 464589
9830 464622
9831 464666
9832 464699
9833 464743
9834 464787
9835 464820
9836 464864
9837 464897
9838 464942
9839 464975
9840 465008
9841 465041
9842 465074
9843 465107
9844 465151
9845 465184
9846 465218
9847 465263
9848 465296
9849 465340
9850 465384
9851 465428
9852 465473
9853 465517
9854 465561
9855 465594
9856 465638
9857 465671
9858 465704
9859 465748
9860 465792
9861 465836
9862 465869
9863 465902
9864 465946
9865 465991
9866 466035
9867 466068
9868 466101
9869 466145
9870 466178
9871 466211
9872 466244
9873 466288
9874 466321
9875 466365
9876 466398
9877 466442
9878 466475
9879 466519
9880 466552
9881 466596
9882 466629
9883 466674
9884 466718
9885 466762
9886 466806
9887 466850
9888 466883
9889 466927
9890 466960
9891 467004
9892 467037
9893 467070
9894 467114
9895 467147
9896 467180
9897 467225
9898 467258
9899 467302
9900 467346
9901 467390
9902 467423
9903 467467
9904 467511
9905 467555
9906 467589
9907 467622
9908 467666
9909 467699
9910 467743
9911 467788
9912 467832
9913 467876
9914 467920
9915 467964
9916 467997
9917 468041
9918 468074
9919 468107
9920 468151
9921 468184
9922 468217
9923 468250
9924 468294
9925 468338
9926 468382
9927 468426
9928 468470
9929 468503
9930 468536
9931 468580
9932 468613
9933 468657
9934 468701
9935 468745
9936 468789
9937 468822
9938 468866
9939 468899
9940 468932
9941 468976
9942 469020
9943 469064
9944 469097
9945 469130
9946 469163
9947 469208
9948 469241
9949 469285
9950 469329
9951 469373
9952 469417
9953 469451
9954 469484
9955 469517
9956 469561
9957 469605
9958 469650
9959 469694
9960 469727
9961 469771
9962 469804
9963 469837
9964 469870
9965 469914
9966 469958
9967 470002
9968 470046
9969 470090
9970 470134
9971 470167
9972 470200
9973 470244
9974 470277
9975 470310
9976 470355
9977 470399
9978 470432
9979 470476
9980 470509
9981 470553
9982 470586
9983 470630
9984 470663
9985 470696
9986 470729
9987 470762
9988 470806
9989 470839
9990 470883
9991 470916
9992 470960
9993 470993
9994 471026
9995 471070
9996 471103
9997 471136
9998 471169
9999 471202
10000 471246
10001 471290
10002 471323
10003 471368
10004 471401
10005 471445
10006 471489
10007 471523
10008 471556
10009 471600
10010 471644
10011 471677
10012 471721
10013 471765
10014 471798
10015 471842
10016 471875
10017 471919
10018 471963
10019 471996
10020 472040
10021 472073
10022 472117
10023 472161
10024 472194
10025 472227
10026 472271
10027 472304
10028 472337
10029 472370
10030 472414
10031 472458
10032 472502
10033 472546
10034 472579
10035 472623
10036 472656
10037 472689
10038 472733
10039 472766
10040 472799
10041 472843
10042 472876
10043 472920
10044 472964
10045 473008
10046 473052
10047 473097
10048 473130
10049 473174
10050 473207
10051 473240
10052 473284
10053 473317
10054 473361
10055 473405
10056 473449
10057 473482
10058 473527
10059 473560
10060 473604
10061 473648
10062 473692
10063 473736
10064 473769
10065 473802
10066 473846
10067 473879
10068 473912
10069 473956
10070 474000
10071 474033
10072 474077
10073 474121
10074 474155
10075 474199
10076 474232
10077 474276
10078 474309
10079 474342
10080 474386
10081 474430
10082 474463
10083 474496
10084 474540
10085 474584
10086 474617
10087 474661
10088 474694
10089 474728
10090 474772
10091 474816
10092 474860
10093 474904
10094 474937
10095 474981
10096 475026
10097 475059
10098 475103
10099 475136
10100 475169
10101 475213
10102 475257
10103 475290
10104 475334
10105 475378
10106 475412
10107 475456
10108 475489
10109 475533
10110 475566
10111 475599
10112 475643
10113 475687
10114 475731
10115 475775
10116 475819
10117 475863
10118 475907
10119 475940
10120 475973
10121 476006
10122 476039
10123 476083
10124 476116
10125 476160
10126 476193
10127 476237
10128 476270
10129 476303
10130 476347
10131 476391
10132 476424
10133 476457
10134 476490
10135 476534
10136 476567
10137 476600
10138 476633
10139 476666
10140 476710
10141 476743
10142 476776
10143 476809
10144 476842
10145 476886
10146 476930
10147 476975
10148 477009
10149 477053
10150 477098
10151 477142
10152 477186
10153 477219
10154 477252
10155 477285
10156 477329
10157 477373
10158 477406
10159 477439
10160 477472
10161 477505
10162 477538
10163 477571
10164 477615
10165 477660
10166 477693
10167 477737
10168 477770
10169 477814
10170 477858
10171 477902
10172 477947
10173 477991
10174 478024
10175 478068
10176 478134
10177 478201
10178 478234
10179 478278
10180 478311
10181 478344
10182 478377
10183 478410
10184 478443
10185 478487
10186 478531
10187 478564
10188 478597
10189 478630
10190 478674
10191 478718
10192 478751
10193 478784
10194 478817
10195 478861
10196 478905
10197 478939
10198 478983
10199 479027
10200 483325
10201 483370
10202 483414
10203 483458
10204 483491
10205 483535
10206 483568
10207 483612
10208 483656
10209 483689
10210 483733
10211 483766
10212 483799
10213 483832
10214 483865
10215 483898
10216 483942
10217 483986
10218 484030
10219 484063
10220 484107
10221 484140
10222 484173
10223 484217
10224 484250
10225 484294
10226 484327
10227 484371
10228 484404
10229 484437
10230 484470
10231 484503
10232 484547
10233 484592
10234 484625
10235 484658
10236 484702
10237 484735
10238 484768
10239 484812
10240 484856
10241 484900
10242 484933
10243 484978
10244 485011
10245 485055
10246 485088
10247 485132
10248 485176
10249 485209
10250 485242
10251 485276
10252 485320
10253 485353
10254 485397
10255 485430
10256 485474
10257 485507
10258 485551
10259 485595
10260 485628
10261 485661
10262 485705
10263 485738
10264 485771
10265 485804
10266 485837
10267 485881
10268 485925
10269 485958
10270 486002
10271 486046
10272 486090
10273 486134
10274 486178
10275 486211
10276 486244
10277 486277
10278 486321
10279 486354
10280 486398
10281 486431
10282 486476
10283 486509
10284 486542
10285 486586
10286 486630
10287 486663
10288 486696
10289 486740
10290 486773
10291 486817
10292 486861
10293 486894
10294 486928
10295 486972
10296 487016
10297 487049
10298 487093
10299 487138
10300 487171
10301 487215
10302 487248
10303 487292
10304 487325
10305 487369
10306 487402
10307 487436
10308 487480
10309 487513
10310 487557
10311 487590
10312 487634
10313 487667
10314 487700
10315 487744
10316 487788
10317 487821
10318 487854
10319 487887
10320 487975
10321 488019
10322 488052
10323 488096
10324 488141
10325 488174
10326 488207
10327 488240
10328 488273
10329 488317
10330 488350
10331 488394
10332 488427
10333 488471
10334 488504
10335 488537
10336 488581
10337 488625
10338 488669
10339 488702
10340 488746
10341 488779
10342 488823
10343 488868
10344 488901
10345 488945
10346 488989
10347 489033
10348 489077
10349 489110
10350 489143
10351 489187
10352 489220
10353 489264
10354 489308
10355 489352
10356 489396
10357 489440
10358 489473
10359 489506
10360 489539
10361 489572
10362 489616
10363 489650
10364 489694
10365 489727
10366 489771
10367 489815
10368 489859
10369 489903
10370 489947
10371 489991
10372 490035
10373 490079
10374 490112
10375 490145
10376 490189
10377 490233
10378 490266
10379 490299
10380 490343
10381 490387
10382 490420
10383 490464
10384 490508
10385 490552
10386 490585
10387 490629
10388 490673
10389 490717
10390 490750
10391 490783
10392 490816
10393 490860
10394 490905
10395 490938
10396 490982
10397 491026
10398 491059
10399 491103
10400 491147
10401 491191
10402 491235
10403 491279
10404 491323
10405 491367
10406 491400
10407 491444
10408 491488
10409 491521
10410 491565
10411 491609
10412 491653
10413 491698
10414 491742
10415 491775
10416 491808
10417 491841
10418 491874
10419 491907
10420 491941
10421 491974
10422 492018
10423 492062
10424 492106
10425 492150
10426 492194
10427 492238
10428 492282
10429 492326
10430 492371
10431 492415
10432 492459
10433 492492
10434 492525
10435 492569
10436 492613
10437 492646
10438 492679
10439 492712
10440 492746
10441 492779
10442 492823
10443 492867
10444 492900
10445 492933
10446 492966
10447 493010
10448 493054
10449 493087
10450 493131
10451 493164
10452 493197
10453 493230
10454 493263
10455 493296
10456 493329
10457 493373
10458 493406
10459 493439
10460 493473
10461 493517
10462 493561
10463 493605
10464 493649
10465 493682
10466 493726
10467 493770
10468 493803
10469 493847
10470 493880
10471 493913
10472 493946
10473 493990
10474 494034
10475 494067
10476 494111
10477 494155
10478 494199
10479 494232
10480 494276
10481 494309
10482 494353
10483 494386
10484 494430
10485 494463
10486 494507
10487 494552
10488 494596
10489 494640
10490 494673
10491 494706
10492 494751
10493 494784
10494 494817
10495 494850
10496 494894
10497 494939
10498 494983
10499 495016
10500 495049
10501 495093
10502 495138
10503 495171
10504 495215
10505 495259
10506 495292
10507 495326
10508 495370
10509 495414
10510 495458
10511 495502
10512 495546
10513 495590
10514 495623
10515 495656
10516 495689
10517 495733
10518 495777
10519 495821
10520 495865
10521 495898
10522 495942
10523 495986
10524 496019
10525 496064
10526 496097
10527 496141
10528 496174
10529 496218
10530 496262
10531 496306
10532 496350
10533 496383
10534 496427
10535 496471
10536 496515
10537 496559
10538 496603
10539 496636
10540 496680
10541 496724
10542 496757
10543 496801
10544 496834
10545 496867
10546 496911
10547 496944
10548 496988
10549 497032
10550 497066
10551 497110
10552 497143
10553 497187
10554 497220
10555 497254
10556 497287
10557 497331
10558 497364
10559 497408
10560 497452
10561 497496
10562 497529
10563 497562
10564 497595
10565 497640
10566 497684
10567 497717
10568 497761
10569 497805
10570 497849
10571 497882
10572 497915
10573 497959
10574 497992
10575 498025
10576 498058
10577 498102
10578 498146
10579 498180
10580 498224
10581 498312
10582 498345
10583 498378
10584 498411
10585 498455
10586 498488
10587 498521
10588 498555
10589 498588
10590 498621
10591 498665
10592 498709
10593 498753
10594 498797
10595 498841
10596 498885
10597 498918
10598 498962
10599 499007
10600 499040
10601 499073
10602 499106
10603 499139
10604 499184
10605 499217
10606 499261
10607 499305
10608 499349
10609 499382
10610 499426
10611 499470
10612 499514
10613 499547
10614 499580
10615 499624
10616 499668
10617 499701
10618 499734
10619 499778
10620 499811
10621 499855
10622 499899
10623 499932
10624 499976
10625 500020
10626 500064
10627 500108
10628 500152
10629 500196
10630 500240
10631 500284
10632 500328
10633 500372
10634 500405
10635 500438
10636 500482
10637 500526
10638 500571
10639 500615
10640 500659
10641 500703
10642 500747
10643 500792
10644 500825
10645 500869
10646 500913
10647 500957
10648 500991
10649 501024
10650 501068
10651 501112
10652 501145
10653 501190
10654 501224
10655 501257
10656 501301
10657 501345
10658 501389
10659 501433
10660 501467
10661 501511
10662 501555
10663 501588
10664 501632
10665 501665
10666 501698
10667 501731
10668 501775
10669 501819
10670 501863
10671 501896
10672 501940
10673 501984
10674 502028
10675 502072
10676 502105
10677 502138
10678 502171
10679 502215
10680 502248
10681 502281
10682 502325
10683 502358
10684 502391
10685 502435
10686 502479
10687 502523
10688 502567
10689 502611
10690 502655
10691 502699
10692 502743
10693 502788
10694 502821
10695 502865
10696 502898
10697 502942
10698 502975
10699 503019
10700 503052
10701 503096
10702 503140
10703 503184
10704 503217
10705 503261
10706 503305
10707 503338
10708 503371
10709 503404
10710 503449
10711 503493
10712 503537
10713 503570
10714 503614
10715 503658
10716 503702
10717 503736
10718 503780
10719 503824
10720 503868
10721 503912
10722 503945
10723 503990
10724 504034
10725 504067
10726 504100
10727 504133
10728 504177
10729 504210
10730 504254
10731 504287
10732 504331
10733 504375
10734 504419
10735 504463
10736 504507
10737 504541
10738 504585
10739 504629
10740 504662
10741 504706
10742 504750
10743 504783
10744 504816
10745 504849
10746 504883
10747 504927
10748 504960
10749 504993
10750 505037
10751 505081
10752 505125
10753 505169
10754 505213
10755 505257
10756 505290
10757 505334
10758 505379
10759 505423
10760 505456
10761 505489
10762 505533
10763 505577
10764 505621
10765 505654
10766 505687
10767 505721
10768 505754
10769 505787
10770 505831
10771 505875
10772 505908
10773 505952
10774 505985
10775 506029
10776 506073
10777 506107
10778 506140
10779 506184
10780 506217
10781 506261
10782 506294
10783 506338
10784 506371
10785 506404
10786 506448
10787 506481
10788 506514
10789 506558
10790 506591
10791 506635
10792 506679
10793 506723
10794 506767
10795 506812
10796 506856
10797 506889
10798 506922
10799 506966
10800 507010
10801 507043
10802 507088
10803 507121
10804 507154
10805 507187
10806 507232
10807 507276
10808 507309
10809 507342
10810 507375
10811 507408
10812 507452
10813 507496
10814 507529
10815 507573
10816 507617
10817 507661
10818 507705
10819 507750
10820 507783
10821 507827
10822 507926
10823 507970
10824 508003
10825 508047
10826 508091
10827 508135
10828 508179
10829 508223
10830 508267
10831 508311
10832 508344
10833 508388
10834 508432
10835 508476
10836 508521
10837 508565
10838 508609
10839 508653
10840 508697
10841 508741
10842 508786
10843 508830
10844 508874
10845 508918
10846 508962
10847 508995
10848 509039
10849 509072
10850 509116
10851 509149
10852 509193
10853 509237
10854 509281
10855 509325
10856 509369
10857 509402
10858 509446
10859 509479
10860 509523
10861 509557
10862 509590
10863 509623
10864 509656
10865 509700
10866 509745
10867 509789
10868 509833
10869 509877
10870 509921
10871 509955
10872 509988
10873 510032
10874 510076
10875 510109
10876 510142
10877 510186
10878 510219
10879 510263
10880 510296
10881 510329
10882 510373
10883 510406
10884 510451
10885 510495
10886 510539
10887 510583
10888 510616
10889 510649
10890 510682
10891 510726
10892 510759
10893 510792
10894 510836
10895 510869
10896 510902
10897 510946
10898 510990
10899 511034
10900 511078
10901 511111
10902 511145
10903 511189
10904 511222
10905 511255
10906 511288
10907 511332
10908 511376
10909 511409
10910 511453
10911 511497
10912 511530
10913 511563
10914 511607
10915 511640
10916 511684
10917 511728
10918 511772
10919 511816
10920 511849
10921 511882
10922 511915
10923 511959
10924 511992
10925 512025
10926 512058
10927 512102
10928 512146
10929 512180
10930 512224
10931 512258
10932 512302
10933 512346
10934 512390
10935 512423
10936 512467
10937 512511
10938 512555
10939 512599
10940 512633
10941 512666
10942 512710
10943 512755
10944 512799
10945 512843
10946 512887
10947 512931
10948 512965
10949 512998
10950 513042
10951 513086
10952 513130
10953 513185
10954 513229
10955 513306
10956 513350
10957 513427
10958 513460
10959 513504
10960 513549
10961 513593
10962 513637
10963 513670
10964 513714
10965 513758
10966 513791
10967 513824
10968 513869
10969 513902
10970 513946
10971 513979
10972 514023
10973 514067
10974 514111
10975 514155
10976 514199
10977 514232
10978 514276
10979 514309
10980 514353
10981 514397
10982 514441
10983 514485
10984 514518
10985 514551
10986 514585
10987 514618
10988 514651
10989 514695
10990 514728
10991 514773
10992 514806
10993 514839
10994 514872
10995 514916
10996 514949
10997 514982
10998 515026
10999 515059
11000 515103
11001 515136
11002 515180
11003 515224
11004 515269
11005 515302
11006 515335
11007 515379
11008 515412
11009 515456
11010 515500
11011 515533
11012 515566
11013 515610
11014 515643
11015 515687
11016 515731
11017 515775
11018 515819
11019 515852
11020 515896
11021 515940
11022 515984
11023 516017
11024 516062
11025 516106
11026 516139
11027 516183
11028 516227
11029 516260
11030 516304
11031 516348
11032 516381
11033 516425
11034 516458
11035 516491
11036 516524
11037 516568
11038 516612
11039 516656
11040 516690
11041 516734
11042 516767
11043 516811
11044 516855
11045 516899
11046 516933
11047 516977
11048 517010
11049 517054
11050 517098
11051 517142
11052 517175
11053 517208
11054 517252
11055 517285
11056 517329
11057 517373
11058 517417
11059 517450
11060 517494
11061 517538
11062 517582
11063 517626
11064 517670
11065 517714
11066 517747
11067 517791
11068 517824
11069 517857
11070 517890
11071 517934
11072 517967
11073 518011
11074 518055
11075 518099
11076 518143
11077 518187
11078 518231
11079 518264
11080 518297
11081 518330
11082 518363
11083 518396
11084 518429
11085 518473
11086 518507
11087 518540
11088 518584
11089 518628
11090 518672
11091 518705
11092 518738
11093 518782
11094 518826
11095 518859
11096 518903
11097 518947
11098 518991
11099 519024
11100 519068
11101 519101
11102 519134
11103 519167
11104 519211
11105 519244
11106 519289
11107 519333
11108 519366
11109 519410
11110 519455
11111 519488
11112 519532
11113 519565
11114 519609
11115 519653
11116 519686
11117 519719
11118 519763
11119 519796
11120 519840
11121 519873
11122 519917
11123 519950
11124 519983
11125 520027
11126 520071
11127 520104
11128 520137
11129 520170
11130 520203
11131 520247
11132 520291
11133 520324
11134 520368
11135 520401
11136 520445
11137 520478
11138 520511
11139 520544
11140 520577
11141 520611
11142 520655
11143 520699
11144 520732
11145 520776
11146 520820
11147 520864
11148 520908
11149 520941
11150 520974
11151 521007
11152 521051
11153 521096
11154 521140
11155 521184
11156 521228
11157 521262
11158 521306
11159 521339
11160 521372
11161 521416
11162 521461
11163 521494
11164 521527
11165 521571
11166 521604
11167 521637
11168 521681
11169 521725
11170 521769
11171 521813
11172 521857
11173 521890
11174 521934
11175 521978
11176 522011
11177 522055
11178 522099
11179 522132
11180 522176
11181 522220
11182 522264
11183 522308
11184 522341
11185 522374
11186 522418
11187 522451
11188 522495
11189 522539
11190 522583
11191 522628
11192 522672
11193 522716
11194 522760
11195 522804
11196 522837
11197 522882
11198 522926
11199 522970
11200 523003
11201 523047
11202 523080
11203 523124
11204 523168
11205 523212
11206 523245
11207 523278
11208 523311
11209 523355
11210 523388
11211 523432
11212 523476
11213 523509
11214 523542
11215 523575
11216 523608
11217 523652
11218 523696
11219 523729
11220 523773
11221 523818
11222 523851
11223 523895
11224 529174
11225 529218
11226 529251
11227 529295
11228 529339
11229 529372
11230 529405
11231 529449
11232 529493
11233 529526
11234 529559
11235 529592
11236 529625
11237 529669
11238 529702
11239 529746
11240 529779
11241 529812
11242 529857
11243 529901
11244 529934
11245 529978
11246 530022
11247 530066
11248 530099
11249 530143
11250 530187
11251 530231
11252 530275
11253 530319
11254 530364
11255 530408
11256 530441
11257 530474
11258 530518
11259 530562
11260 530595
11261 530639
11262 530672
11263 530716
11264 530760
11265 530804
11266 530848
11267 530881
11268 530925
11269 530969
11270 531003
11271 531036
11272 531080
11273 531113
11274 531146
11275 531190
11276 531223
11277 531256
11278 531300
11279 531344
11280 531389
11281 531433
11282 531477
11283 531510
11284 531544
11285 531588
11286 531621
11287 531665
11288 531698
11289 531731
11290 531775
11291 531819
11292 531852
11293 531885
11294 531929
11295 531962
11296 532006
11297 532039
11298 532084
11299 532128
11300 532172
11301 532205
11302 532238
11303 532283
11304 532327
11305 532371
11306 532404
11307 532437
11308 532481
11309 532514
11310 532558
11311 532602
11312 532646
11313 532679
11314 532723
11315 532767
11316 532800
11317 532844
11318 532888
11319 532921
11320 532965
11321 533009
11322 533042
11323 533086
11324 533119
11325 533163
11326 533196
11327 533295
11328 533339
11329 533372
11330 533416
11331 533460
11332 533493
11333 533537
11334 533581
11335 533626
11336 533670
11337 533714
11338 533758
11339 533802
11340 533846
11341 533879
11342 533923
11343 533957
11344 534001
11345 534045
11346 534089
11347 534123
11348 534156
11349 534189
11350 534234
11351 534278
11352 534322
11353 534355
11354 534388
11355 534421
11356 534465
11357 534498
11358 534532
11359 534565
11360 534609
11361 534653
11362 534697
11363 534730
11364 534774
11365 534818
11366 534851
11367 534895
11368 534939
11369 534983
11370 535027
11371 535071
11372 535115
11373 535159
11374 535203
11375 535247
11376 535280
11377 535324
11378 535357
11379 535401
11380 535445
11381 535489
11382 535522
11383 535566
11384 535599
11385 535643
11386 535676
11387 535709
11388 535742
11389 535786
11390 535819
11391 535852
11392 535885
11393 535918
11394 535951
11395 535995
11396 536028
11397 536073
11398 536117
11399 536161
11400 536194
11401 536239
11402 536272
11403 536316
11404 536349
11405 536393
11406 536426
11407 536470
11408 536514
11409 536547
11410 536580
11411 536613
11412 536657
11413 536702
11414 536735
11415 536768
11416 536812
11417 536856
11418 536889
11419 536922
11420 536967
11421 537000
11422 537033
11423 537077
11424 537121
11425 537154
11426 537187
11427 537231
11428 537275
11429 537319
11430 537363
11431 537407
11432 537452
11433 537496
11434 537529
11435 537573
11436 537617
11437 537661
11438 537694
11439 537727
11440 537760
11441 537804
11442 537848
11443 537881
11444 537914
11445 537958
11446 538002
11447 538036
11448 538080
11449 538113
11450 538157
11451 538201
11452 538245
11453 538278
11454 538322
11455 538355
11456 538388
11457 538421
11458 538465
11459 538509
11460 538542
11461 538575
11462 538608
11463 538641
11464 538675
11465 538708
11466 538752
11467 538796
11468 538840
11469 538884
11470 538917
11471 538961
11472 538994
11473 539038
11474 539082
11475 539115
11476 539148
11477 539192
11478 539236
11479 539269
11480 539303
11481 539347
11482 539380
11483 539424
11484 539457
11485 539501
11486 539534
11487 539567
11488 539611
11489 539655
11490 539699
11491 539732
11492 539776
11493 539820
11494 539864
11495 539897
11496 539941
11497 539974
11498 540018
11499 540062
11500 540106
11501 540150
11502 540194
11503 540227
11504 540260
11505 540293
11506 540337
11507 540381
11508 540414
11509 540458
11510 540502
11511 540535
11512 540579
11513 540612
11514 540646
11515 540679
11516 540723
11517 540767
11518 540800
11519 540844
11520 540878
11521 540922
11522 540966
11523 540999
11524 541043
11525 541087
11526 541131
11527 541175
11528 541219
11529 541263
11530 541296
11531 541340
11532 541373
11533 541406
11534 541439
11535 541472
11536 541505
11537 541538
11538 541582
11539 541627
11540 541671
11541 541715
11542 541759
11543 541803
11544 541836
11545 541870
11546 541903
11547 541936
11548 541969
11549 542013
11550 542057
11551 542101
11552 542145
11553 542189
11554 542233
11555 542277
11556 542321
11557 542354
11558 542387
11559 542431
11560 542475
11561 542508
11562 542552
11563 542596
11564 542640
11565 542684
11566 542717
11567 542751
11568 542795
11569 542828
11570 542872
11571 542916
11572 542949
11573 542982
11574 543026
11575 543070
11576 543114
11577 543147
11578 543191
11579 543235
11580 543268
11581 543301
11582 543345
11583 543378
11584 543422
11585 543466
11586 543511
11587 543544
11588 543577
11589 543621
11590 543654
11591 543699
11592 543743
11593 543787
11594 543820
11595 543853
11596 543897
11597 543941
11598 543974
11599 544018
11600 544051
11601 544095
11602 544128
11603 544161
11604 544205
11605 544238
11606 544271
11607 544315
11608 544359
11609 544392
11610 544436
11611 544481
11612 544525
11613 544558
11614 544591
11615 544624
11616 544668
11617 544701
11618 544734
11619 544778
11620 544822
11621 544855
11622 544899
11623 544932
11624 544976
11625 545009
11626 545053
11627 545097
11628 545141
11629 545185
11630 545218
11631 545262
11632 545306
11633 545350
11634 545383
11635 545427
11636 545472
11637 545516
11638 545549
11639 545593
11640 545626
11641 545670
11642 545714
11643 545758
11644 545802
11645 545847
11646 545891
11647 545935
11648 545968
11649 546012
11650 546056
11651 546100
11652 546133
11653 546177
11654 546210
11655 546254
11656 546287
11657 546320
11658 546364
11659 546408
11660 546441
11661 546485
11662 546518
11663 546562
11664 546595
11665 546628
11666 546672
11667 546716
11668 546749
11669 546793
11670 546826
11671 546859
11672 546903
11673 546936
11674 546980
11675 547024
11676 547058
11677 547102
11678 547146
11679 547190
11680 547234
11681 547278
11682 547322
11683 547366
11684 547410
11685 547454
11686 547498
11687 547532
11688 547565
11689 547609
11690 547653
11691 547697
11692 547741
11693 547774
11694 547818
11695 547862
11696 547895
11697 547929
11698 547962
11699 547995
11700 548039
11701 548072
11702 548116
11703 548149
11704 548193
11705 548237
11706 548281
11707 548325
11708 548358
11709 548391
11710 548424
11711 548457
11712 548501
11713 548545
11714 548589
11715 548634
11716 548667
11717 548711
11718 548744
11719 548788
11720 548833
11721 548866
11722 548899
11723 548943
11724 548976
11725 549009
11726 549042
11727 549086
11728 549130
11729 549174
11730 549207
11731 549240
11732 549284
11733 549328
11734 549361
11735 549394
11736 549439
11737 549483
11738 549527
11739 549571
11740 549604
11741 549648
11742 549692
11743 549737
11744 549781
11745 549825
11746 549869
11747 549913
11748 549957
11749 550002
11750 550046
11751 550079
11752 550123
11753 550167
11754 550211
11755 550255
11756 550288
11757 550332
11758 550377
11759 550410
11760 550454
11761 550498
11762 550543
11763 550576
11764 550609
11765 550642
11766 550676
11767 550720
11768 550764
11769 550797
11770 550841
11771 550886
11772 550930
11773 550963
11774 550996
11775 551041
11776 551085
11777 551118
11778 551162
11779 551196
11780 551240
11781 551284
11782 551328
11783 551362
11784 551395
11785 551439
11786 551483
11787 551527
11788 551560
11789 551604
11790 551637
11791 551670
11792 551703
11793 551736
11794 551780
11795 551813
11796 551857
11797 551901
11798 551934
11799 551967
11800 552011
11801 552055
11802 552099
11803 552143
11804 552176
11805 552209
11806 552253
11807 552297
11808 552330
11809 552364
11810 552408
11811 552441
11812 552485
11813 552529
11814 552573
11815 552617
11816 552650
11817 552683
11818 552716
11819 552760
11820 552804
11821 552837
11822 552881
11823 552915
11824 552948
11825 552992
11826 553036
11827 553080
11828 553124
11829 553168
11830 553201
11831 553234
11832 553267
11833 553311
11834 553344
11835 553377
11836 553421
11837 553520
11838 553564
11839 553597
11840 553630
11841 553663
11842 553707
11843 553751
11844 553795
11845 553839
11846 553883
11847 553927
11848 553960
11849 553993
11850 554037
11851 554081
11852 554114
11853 554147
11854 554191
11855 554235
11856 554279
11857 554323
11858 554357
11859 554401
11860 554445
11861 554489
11862 554533
11863 554577
11864 554622
11865 554666
11866 554710
11867 554743
11868 554776
11869 554820
11870 554853
11871 554886
11872 554919
11873 554964
11874 555008
11875 555041
11876 555074
11877 555118
11878 555152
11879 555185
11880 555218
11881 555262
11882 555306
11883 555339
11884 555372
11885 555416
11886 555460
11887 555504
11888 555548
11889 555592
11890 555625
11891 555669
11892 555713
11893 555746
11894 555779
11895 555823
11896 555856
11897 555900
11898 555933
11899 555966
11900 556010
11901 556054
11902 556099
11903 556143
11904 556187
11905 556220
11906 556264
11907 556297
11908 556330
11909 556363
11910 556397
11911 556430
11912 556463
11913 556507
11914 556540
11915 556573
11916 556617
11917 556650
11918 556694
11919 556727
11920 556760
11921 556804
11922 556848
11923 556892
11924 556937
11925 556970
11926 557014
11927 557058
11928 557102
11929 557146
11930 557190
11931 557234
11932 557267
11933 557300
11934 557344
11935 557377
11936 557410
11937 557454
11938 557498
11939 557531
11940 557575
11941 557619
11942 557664
11943 557708
11944 557741
11945 557785
11946 557829
11947 557873
11948 557906
11949 557939
11950 557983
11951 558016
11952 558060
11953 558104
11954 558148
11955 558192
11956 558236
11957 558280
11958 558324
11959 558368
11960 558412
11961 558445
11962 558489
11963 558533
11964 558566
11965 558599
11966 558643
11967 558687
11968 558731
11969 558775
11970 558819
11971 558863
11972 558907
11973 558940
11974 558984
11975 559017
11976 559061
11977 559094
11978 559138
11979 559182
11980 559215
11981 559259
11982 559292
11983 559336
11984 559369
11985 559403
11986 559447
11987 559480
11988 559524
11989 559568
11990 559601
11991 559635
11992 559668
11993 559701
11994 559745
11995 559778
11996 559811
11997 559844
11998 559888
11999 559932
12000 559976
12001 560009
12002 560053
12003 560086
12004 560119
12005 560152
12006 560185
12007 560218
12008 560262
12009 560295
12010 560339
12011 560383
12012 560427
12013 560460
12014 560493
12015 560537
12016 560570
12017 560614
12018 560658
12019 560703
12020 560747
12021 560791
12022 560835
12023 560868
12024 560912
12025 560956
12026 560989
12027 561022
12028 561066
12029 561100
12030 561144
12031 561177
12032 561221
12033 561254
12034 561287
12035 561332
12036 561365
12037 561398
12038 561443
12039 561487
12040 561520
12041 561553
12042 561597
12043 561630
12044 561674
12045 561707
12046 561740
12047 561773
12048 561817
12049 561851
12050 561884
12051 561917
12052 561961
12053 562005
12054 562049
12055 562082
12056 562115
12057 562148
12058 562181
12059 562214
12060 562258
12061 562302
12062 562335
12063 562368
12064 562412
12065 562445
12066 562478
12067 562522
12068 562555
12069 562599
12070 562643
12071 562676
12072 562720
12073 562764
12074 562808
12075 562852
12076 562896
12077 562940
12078 562973
12079 563006
12080 563050
12081 563094
12082 563138
12083 563171
12084 563215
12085 563259
12086 563292
12087 563325
12088 563358
12089 563391
12090 563435
12091 563468
12092 563512
12093 563545
12094 563579
12095 563623
12096 563656
12097 563689
12098 563733
12099 563777
12100 563821
12101 563865
12102 563898
12103 563942
12104 563986
12105 564020
12106 564064
12107 564108
12108 564152
12109 564185
12110 564218
12111 564262
12112 564295
12113 564328
12114 564361
12115 564405
12116 564438
12117 564482
12118 564526
12119 564560
12120 564604
12121 564648
12122 564692
12123 564736
12124 564769
12125 564802
12126 564846
12127 564891
12128 564924
12129 564968
12130 565001
12131 565034
12132 565067
12133 565111
12134 565155
12135 565199
12136 565243
12137 565288
12138 565332
12139 565376
12140 565420
12141 565453
12142 565497
12143 565541
12144 565585
12145 565629
12146 565662
12147 565695
12148 565739
12149 565772
12150 565816
12151 565915
12152 565959
12153 566003
12154 566036
12155 566069
12156 566102
12157 566147
12158 566180
12159 566224
12160 566268
12161 566356
12162 566400
12163 566433
12164 566477
12165 566510
12166 566543
12167 566587
12168 566631
12169 566675
12170 566730
12171 566796
12172 566829
12173 566873
12174 566917
12175 566950
12176 566994
12177 567039
12178 567083
12179 567117
12180 567150
12181 567194
12182 567238
12183 567282
12184 567326
12185 567359
12186 567392
12187 567425
12188 567469
12189 567513
12190 567546
12191 567579
12192 567624
12193 567657
12194 567690
12195 567734
12196 567778
12197 567822
12198 567910
12199 567966
12200 568011
12201 568055
12202 568099
12203 568143
12204 568187
12205 568220
12206 568264
12207 568297
12208 568341
12209 568374
12210 568418
12211 568451
12212 568484
12213 568528
12214 568572
12215 568606
12216 568650
12217 568683
12218 568727
12219 568760
12220 568804
12221 568837
12222 568881
12223 568914
12224 568958
12225 568991
12226 569035
12227 569079
12228 569112
12229 569145
12230 569189
12231 569222
12232 569255
12233 569288
12234 569321
12235 569365
12236 569398
12237 569442
12238 569486
12239 569530
12240 569574
12241 569607
12242 569640
12243 569684
12244 569728
12245 569761
12246 569794
12247 569838
12248 575778
12249 575811
12250 575855
12251 575888
12252 575921
12253 575954
12254 575987
12255 576031
12256 576075
12257 576108
12258 576152
12259 576185
12260 576229
12261 576273
12262 576317
12263 576361
12264 576395
12265 576428
12266 576472
12267 576516
12268 576560
12269 576593
12270 576638
12271 576682
12272 576726
12273 576759
12274 576803
12275 576847
12276 576891
12277 576935
12278 576979
12279 577012
12280 577056
12281 577089
12282 577133
12283 577178
12284 577222
12285 577310
12286 577343
12287 577376
12288 577410
12289 577443
12290 577487
12291 577520
12292 577564
12293 577608
12294 577652
12295 577696
12296 577729
12297 577773
12298 577817
12299 577861
12300 577905
12301 577938
12302 577982
12303 578015
12304 578048
12305 578093
12306 578137
12307 578170
12308 578203
12309 578247
12310 578291
12311 578335
12312 578368
12313 578412
12314 578457
12315 578490
12316 578534
12317 578567
12318 578611
12319 578644
12320 578688
12321 578732
12322 578776
12323 578820
12324 578853
12325 578897
12326 578941
12327 578986
12328 579019
12329 579063
12330 579107
12331 579151
12332 579195
12333 579240
12334 579284
12335 579328
12336 579372
12337 579416
12338 579449
12339 579482
12340 579515
12341 579548
12342 579592
12343 579636
12344 579680
12345 579724
12346 579757
12347 579801
12348 579845
12349 579878
12350 579911
12351 579955
12352 579989
12353 580033
12354 580066
12355 580099
12356 580143
12357 580187
12358 580231
12359 580275
12360 580319
12361 580363
12362 580407
12363 580451
12364 580484
12365 580517
12366 580550
12367 580594
12368 580638
12369 580671
12370 580715
12371 580748
12372 580792
12373 580836
12374 580869
12375 580902
12376 580946
12377 580990
12378 581023
12379 581056
12380 581100
12381 581133
12382 581177
12383 581210
12384 581243
12385 581287
12386 581320
12387 581364
12388 581397
12389 581430
12390 581474
12391 581518
12392 581551
12393 581595
12394 581628
12395 581672
12396 581705
12397 581738
12398 581782
12399 581826
12400 581870
12401 581903
12402 581947
12403 581991
12404 582024
12405 582068
12406 582112
12407 582156
12408 582200
12409 582233
12410 582277
12411 582310
12412 582343
12413 582387
12414 582431
12415 582464
12416 582497
12417 582541
12418 582574
12419 582618
12420 582651
12421 582696
12422 582729
12423 582773
12424 582817
12425 582861
12426 582905
12427 582938
12428 582971
12429 583015
12430 583059
12431 583103
12432 583147
12433 583180
12434 583213
12435 583247
12436 583291
12437 583335
12438 583368
12439 583401
12440 583445
12441 583478
12442 583522
12443 583566
12444 583610
12445 583643
12446 583687
12447 583731
12448 583776
12449 583820
12450 583853
12451 583897
12452 583941
12453 583975
12454 584008
12455 584041
12456 584085
12457 584129
12458 584173
12459 584217
12460 584262
12461 584295
12462 584339
12463 584372
12464 584416
12465 584460
12466 584504
12467 584537
12468 584570
12469 584603
12470 584647
12471 584691
12472 584725
12473 584758
12474 584791
12475 584835
12476 584879
12477 584923
12478 584967
12479 585000
12480 585044
12481 585088
12482 585132
12483 585165
12484 585198
12485 585231
12486 585264
12487 585297
12488 585330
12489 585374
12490 585407
12491 585440
12492 585484
12493 585528
12494 585572
12495 585605
12496 585649
12497 585693
12498 585726
12499 585760
12500 585794
12501 585827
12502 585871
12503 585915
12504 585948
12505 585981
12506 586025
12507 586058
12508 586102
12509 586135
12510 586169
12511 586213
12512 586257
12513 586301
12514 586345
12515 586389
12516 586433
12517 586477
12518 586521
12519 586554
12520 586598
12521 586631
12522 586676
12523 586709
12524 586753
12525 586797
12526 586841
12527 586885
12528 586918
12529 586951
12530 586995
12531 587039
12532 587083
12533 587116
12534 587149
12535 587193
12536 587238
12537 587282
12538 587326
12539 587370
12540 587403
12541 587447
12542 587480
12543 587524
12544 587568
12545 587612
12546 587656
12547 587689
12548 587722
12549 587766
12550 587810
12551 587854
12552 587898
12553 587942
12554 587987
12555 588031
12556 588075
12557 588119
12558 588163
12559 588196
12560 588240
12561 588285
12562 588329
12563 588373
12564 588417
12565 588450
12566 588494
12567 588538
12568 588571
12569 588615
12570 588648
12571 588681
12572 588714
12573 588758
12574 588802
12575 588835
12576 588879
12577 588912
12578 588946
12579 588990
12580 589034
12581 589067
12582 589111
12583 589155
12584 589199
12585 589232
12586 589277
12587 589321
12588 589365
12589 589409
12590 589453
12591 589486
12592 589530
12593 589574
12594 589607
12595 589651
12596 589695
12597 589739
12598 589772
12599 589816
12600 589849
12601 589893
12602 589926
12603 589970
12604 590003
12605 590047
12606 590092
12607 590136
12608 590180
12609 590213
12610 590257
12611 590301
12612 590335
12613 590379
12614 590412
12615 590456
12616 590500
12617 590544
12618 590588
12619 590621
12620 590665
12621 590710
12622 590754
12623 590798
12624 590842
12625 590875
12626 590919
12627 590963
12628 590997
12629 591030
12630 591063
12631 591096
12632 591129
12633 591173
12634 591207
12635 591251
12636 591284
12637 591317
12638 591361
12639 591394
12640 591438
12641 591471
12642 591504
12643 591548
12644 591592
12645 591626
12646 591659
12647 591703
12648 591736
12649 591769
12650 591813
12651 591857
12652 591890
12653 591935
12654 591979
12655 592012
12656 592045
12657 592089
12658 592133
12659 592177
12660 592221
12661 592254
12662 592287
12663 592320
12664 592353
12665 592397
12666 592441
12667 592485
12668 592518
12669 592562
12670 592606
12671 592650
12672 592694
12673 592727
12674 592771
12675 592815
12676 592848
12677 592881
12678 592925
12679 592958
12680 593003
12681 593036
12682 593080
12683 593124
12684 593157
12685 593201
12686 593245
12687 593289
12688 593333
12689 593366
12690 593399
12691 593443
12692 593476
12693 593509
12694 593542
12695 593586
12696 593619
12697 593652
12698 593685
12699 593718
12700 593751
12701 593795
12702 593828
12703 593872
12704 593905
12705 593949
12706 593993
12707 594038
12708 594082
12709 594126
12710 594170
12711 594214
12712 594247
12713 594291
12714 594335
12715 594379
12716 594412
12717 594456
12718 594489
12719 594534
12720 594567
12721 594611
12722 594655
12723 594700
12724 594733
12725 594777
12726 594821
12727 594865
12728 594909
12729 594953
12730 594997
12731 595041
12732 595086
12733 595119
12734 595152
12735 595185
12736 595218
12737 595262
12738 595306
12739 595350
12740 595383
12741 595416
12742 595460
12743 595493
12744 595537
12745 595582
12746 595626
12747 595659
12748 595703
12749 595748
12750 595792
12751 595836
12752 595881
12753 595914
12754 595958
12755 596002
12756 596035
12757 596068
12758 596112
12759 596145
12760 596189
12761 596223
12762 596256
12763 596300
12764 596344
12765 596377
12766 596421
12767 596465
12768 596509
12769 596554
12770 596598
12771 596631
12772 596675
12773 596719
12774 596763
12775 596796
12776 596840
12777 596873
12778 596917
12779 596950
12780 596984
12781 597017
12782 597061
12783 597094
12784 597138
12785 597172
12786 597216
12787 597260
12788 597293
12789 597326
12790 597359
12791 597403
12792 597436
12793 597469
12794 597513
12795 597557
12796 597656
12797 597700
12798 597744
12799 597788
12800 597821
12801 597865
12802 597909
12803 597942
12804 597986
12805 598019
12806 598052
12807 598096
12808 598140
12809 598184
12810 598229
12811 598273
12812 598306
12813 598339
12814 598383
12815 598416
12816 598449
12817 598483
12818 598527
12819 598560
12820 598593
12821 598626
12822 598670
12823 598703
12824 598747
12825 598780
12826 598813
12827 598858
12828 598891
12829 598935
12830 598968
12831 599012
12832 599045
12833 599089
12834 599133
12835 599177
12836 599221
12837 599265
12838 599309
12839 599342
12840 599376
12841 599409
12842 599453
12843 599486
12844 599519
12845 599552
12846 599586
12847 599630
12848 599674
12849 599718
12850 599751
12851 599795
12852 599828
12853 599861
12854 599905
12855 599938
12856 599971
12857 600004
12858 600037
12859 600070
12860 600114
12861 600158
12862 600203
12863 600236
12864 600281
12865 600325
12866 600369
12867 600402
12868 600446
12869 600479
12870 600512
12871 600545
12872 600578
12873 600611
12874 600655
12875 600688
12876 600721
12877 600765
12878 600810
12879 600855
12880 600899
12881 600932
12882 600965
12883 601009
12884 601053
12885 601086
12886 601119
12887 601152
12888 601185
12889 601229
12890 601262
12891 601295
12892 601328
12893 601372
12894 601406
12895 601451
12896 601484
12897 601528
12898 601572
12899 601616
12900 601649
12901 601682
12902 601727
12903 601761
12904 601794
12905 601839
12906 601883
12907 601916
12908 601949
12909 601993
12910 602026
12911 602070
12912 602103
12913 602136
12914 602169
12915 602213
12916 602246
12917 602290
12918 602334
12919 602367
12920 602411
12921 602455
12922 602499
12923 602532
12924 602576
12925 602620
12926 602653
12927 602697
12928 602730
12929 602774
12930 602818
12931 602862
12932 602906
12933 602950
12934 602994
12935 603027
12936 603071
12937 603115
12938 603159
12939 603203
12940 603247
12941 603280
12942 603324
12943 603368
12944 603412
12945 603456
12946 603500
12947 603544
12948 603588
12949 603632
12950 603665
12951 603709
12952 603753
12953 603786
12954 603819
12955 603863
12956 603896
12957 603929
12958 603973
12959 604006
12960 604051
12961 604085
12962 604129
12963 604162
12964 604195
12965 604228
12966 604261
12967 604294
12968 604338
12969 604371
12970 604415
12971 604459
12972 604503
12973 604547
12974 604580
12975 604613
12976 604646
12977 604690
12978 604734
12979 604767
12980 604800
12981 604844
12982 604877
12983 604910
12984 604954
12985 604987
12986 605020
12987 605064
12988 605097
12989 605141
12990 605185
12991 605229
12992 605328
12993 605372
12994 605405
12995 605439
12996 605472
12997 605505
12998 605538
12999 605583
13000 605627
13001 605660
13002 605693
13003 605737
13004 605781
13005 605825
13006 605858
13007 605902
13008 605946
13009 605979
13010 606012
13011 606056
13012 606100
13013 606133
13014 606177
13015 606210
13016 606255
13017 606288
13018 606332
13019 606365
13020 606409
13021 606442
13022 606475
13023 606519
13024 606552
13025 606597
13026 606641
13027 606685
13028 606729
13029 606773
13030 606806
13031 606839
13032 606872
13033 606905
13034 606949
13035 606993
13036 607037
13037 607081
13038 607125
13039 607169
13040 607214
13041 607247
13042 607280
13043 607313
13044 607357
13045 607391
13046 607424
13047 607457
13048 607490
13049 607534
13050 607578
13051 607611
13052 607655
13053 607688
13054 607732
13055 607776
13056 607820
13057 607853
13058 607897
13059 607941
13060 607974
13061 608018
13062 608062
13063 608106
13064 608139
13065 608183
13066 608216
13067 608260
13068 608304
13069 608348
13070 608381
13071 608414
13072 608458
13073 608491
13074 608535
13075 608579
13076 608613
13077 608657
13078 608701
13079 608734
13080 608767
13081 608811
13082 608845
13083 608889
13084 608922
13085 608966
13086 608999
13087 609043
13088 609087
13089 609120
13090 609164
13091 609208
13092 609252
13093 609297
13094 609341
13095 609374
13096 609418
13097 609451
13098 609484
13099 609528
13100 609562
13101 609595
13102 609628
13103 609661
13104 609694
13105 609727
13106 609760
13107 609793
13108 609837
13109 609870
13110 609914
13111 609958
13112 610003
13113 610047
13114 610080
13115 610113
13116 610157
13117 610190
13118 610234
13119 610278
13120 610311
13121 610355
13122 610388
13123 610421
13124 610465
13125 610498
13126 610531
13127 610575
13128 610608
13129 610653
13130 610697
13131 610741
13132 610774
13133 610808
13134 610841
13135 610874
13136 610918
13137 610962
13138 610995
13139 611040
13140 611084
13141 611117
13142 611161
13143 611194
13144 611227
13145 611271
13146 611304
13147 611348
13148 611392
13149 611425
13150 611469
13151 611502
13152 611536
13153 611580
13154 611613
13155 611646
13156 611691
13157 611724
13158 611768
13159 611812
13160 611856
13161 611900
13162 611934
13163 611967
13164 612011
13165 612055
13166 612099
13167 612132
13168 612165
13169 612198
13170 612231
13171 612276
13172 612309
13173 612342
13174 612386
13175 612430
13176 612474
13177 612507
13178 612540
13179 612584
13180 612628
13181 612672
13182 612716
13183 612760
13184 612793
13185 612837
13186 612881
13187 612925
13188 612958
13189 612991
13190 613024
13191 613057
13192 613090
13193 613135
13194 613168
13195 613212
13196 613245
13197 613289
13198 613333
13199 613366
13200 613411
13201 613444
13202 613477
13203 613510
13204 613543
13205 613587
13206 613631
13207 613664
13208 613697
13209 613741
13210 613785
13211 613818
13212 613863
13213 613907
13214 613951
13215 613995
13216 614028
13217 614061
13218 614105
13219 614138
13220 614182
13221 614226
13222 614259
13223 614303
13224 614347
13225 614392
13226 614436
13227 614469
13228 614502
13229 614535
13230 614568
13231 614612
13232 614656
13233 614700
13234 614733
13235 614766
13236 614810
13237 614843
13238 614876
13239 614909
13240 614942
13241 614975
13242 615019
13243 615052
13244 615096
13245 615129
13246 615162
13247 615206
13248 615239
13249 615283
13250 615327
13251 615360
13252 615393
13253 615426
13254 615459
13255 615492
13256 615536
13257 615580
13258 615613
13259 615647
13260 615691
13261 615735
13262 615768
13263 615801
13264 615834
13265 615878
13266 615911
13267 615955
13268 615989
13269 616033
13270 616066
13271 616099
